96.5,1.5
92.33333333,1.666666667
93,2
93,2
93.33333333,2
93,2
93,2
96.5,2
96.5,2
96.5,2
96.5,2.5
93,3
93,3
93,3
93,3
93,3.5
92.33333333,4
93,4
90,3
88,2.666666667
93,2
93,2
88.33333333,1.666666667
93,1
93,1
89,1
87,1
87,1
86,1
87,1
87,1
86,1
90,0.5
84,1.5
84,1
84,2
87,2.5
87,3
87,3
90,3
87,2.333333333
93,1
93,1
90.66666667,1
90,1
90,1
93,1
93,1
93,1
87.66666667,1.333333333
93,1
93,1
93,1
93,1
93,1
93,1
90,1.5
90,1.5
88.33333333,2
90,2
87,3
86,3
90,2.5
90,2.5
86.33333333,2
87,2
87,2
86,2
90,1.5
90,1.5
87.33333333,1.333333333
87,1
90,0.5
87.33333333,0
87,0
93,-1
84.66666667,-1
89.5,-1
86,-1
83.66666667,-1
86,-1
86,-1
81,-0.666666667
77.5,0.5
75,1
69.66666667,1.333333333
67.5,2
75,1
76.66666667,0
77.5,0
77.5,-0.5
76.33333333,-1
75,-1
75,-1
75.33333333,-1.333333333
80,-2
75,-1
71.33333333,-1
75,-1
75,-1
71.33333333,-1
75,-1
75,-1
74,-1.333333333
80,-2
80,-2
72.66666667,-1.333333333
72,-0.5
65,1
62,1
67.5,1
65,1
65,1
70,1
70,1.5
73,2
78,3
87,3
85,3.333333333
87,4
87,4
88.33333333,4
93,4
93,4
91.33333333,4
93,5
93,5
92.33333333,5
93,5
93,5
92,5.333333333
93,6.5
93,7
87.66666667,7.666666667
90,7.5
90,8
91.66666667,8.333333333
87,10
94,10
88,10.66666667
82,10.5
90,7
89.33333333,5.333333333
87,5
90,4.5
86.66666667,4.666666667
93,4
93,4
90.66666667,4
93,4
93,4
94,4
93,5
93,7
93,7
90,9.5
87,10
91.33333333,10
94,10
94,10
91.33333333,10
94,10
84.5,10.5
86.33333333,10
90,9.5
87,9
86.33333333,9
90,9
90,9.5
87,10
87,10
87,10
84,10.33333333
87,10
82,10
74.66666667,10.66666667
73.5,11
76,11
72.66666667,11
72,12
76,11
76,11
82,11
93,9
91,9
93,9
90,9
89,9
93,9
90,9
88.33333333,8.666666667
90,7
90,6.5
88.33333333,6
78.5,6
81,5.5
78.66666667,5
81.5,4.5
81.5,4.5
85.66666667,4
87,4
87,4
82.33333333,4.666666667
78.5,6
78.5,6
74.66666667,6
70,6
70,6
69.66666667,5.333333333
78,3.5
84,2.5
83,2.333333333
93,1
90,1.5
85.66666667,2
90,1
87,1
90.33333333,1
87,1
93,0
91,0
93,0
93,0
92.33333333,0
93,0
87,1
89.33333333,1.333333333
87,2.5
84,3.5
78.66666667,4
81,5
90,3.5
90,3
87,2.5
87,2
86,2
87,2
87,1
80.66666667,1.666666667
81,2
81,2
81.33333333,1.666666667
87,1
87,1
79.33333333,1.666666667
81,2
75,3
75.33333333,3
84,3
90,3
87,3.666666667
87,4.5
90,5
89,5.666666667
93,6
90,6.5
88.66666667,7
87,7
90,6
89,5.666666667
93,5
90,5
89.33333333,5
87,5
87,5
86,5
87,5
87,5
84,5
90,4.5
87,4
87.33333333,4
87,4
87,5
87,4.666666667
90,5
90,6
88.66666667,6.333333333
93,7
93,7
92.33333333,7.666666667
93,8.5
96.5,9
93.33333333,9.666666667
94,10
94,10
94.33333333,10.66666667
94,11
94,11
93.33333333,11
94,11
91,11
93.66666667,11
94,11
94,11
89.33333333,11.66666667
91,12
88,12
92,12
88,12
91,12
89,12
88,12
91,12
87,12
88,12
88,12
89.66666667,11.66666667
94,12
94,12
93.33333333,12
94,12
94,12
92.33333333,12
94,12
91,12
85.66666667,12
85,11.5
82,11
79.66666667,11
79,11
79,11
78.33333333,11
82,11
79.5,11.5
75,12
77,11.5
72,12
75,11.33333333
87,10
87,10
85,10
90,9
87,9
85.33333333,9
84.5,9
82,9
79.66666667,9
84.5,9
84.5,8.5
82.66666667,8.666666667
87,8
82,9
81,9
82,9
82,9
79.66666667,9
82,9
82,9
76.33333333,9.333333333
76,10
76,10
71.33333333,9.666666667
82,9
82,9
78.33333333,9.333333333
82,9
82,9
76.33333333,8.666666667
76,9
76,9
76,9
84.5,8.5
87,8
85.33333333,8
87,8
87,7
85.66666667,7
90,7.5
84.5,8.5
78.33333333,9.333333333
71,11
71.5,11.5
64.33333333,12.33333333
65,13
67,12
67.66666667,11.33333333
79,9.5
82,9
80.33333333,8
84,7.5
81,8
81.66666667,7.666666667
87,7
81,7
80.66666667,7
81,7
84,6.5
82.66666667,7
90,6
87,7
87.33333333,7
87,7
87,7
87.33333333,7
90,7.5
84.5,8.5
84.33333333,9.333333333
82,10
82,9.5
79.33333333,9
82,9
82,9
84,9
87,9
84.5,9
81,9
87,9
87,8
82,8.666666667
87,8
87,8
89.66666667,8
93,8
90,8
85.66666667,8
93,8
90,8
86,8
84.5,9
87,8
84.66666667,7.333333333
93,5.5
87,5
87,5
90,5
87,5
85.33333333,5
84,5
90,4
83.66666667,4.666666667
87,5
90,4
85.33333333,4
87,4
87,4
85.33333333,4
87,4
93,3
93,3
93,3
93,3
87,3.666666667
87,4.5
81,5
80,5
81,5
81,5
79,5
87,5
93,4
92.66666667,4
93,3.5
93,3
94,2.333333333
93,2
96.5,1
93.33333333,1.666666667
93,2
93,2
92,2
93,2
90,2
87.66666667,2
87,2
87,2
91.33333333,2
90,2.5
75,4
71.66666667,4
70,4.5
70,4
69.33333333,3.666666667
81,2
81,2
84,1.333333333
87,1
90,0.5
90.66666667,0
90,-0.5
93,-1
95.33333333,-1
96.5,-1
93,-1
91.66666667,-1
93,-1
86,-1
88.66666667,-1.666666667
93,-2
93,-2
86,-1.333333333
86,-1
90,-0.5
86.33333333,0
87,0.5
81,1
80.33333333,1
84,1
87,1
86.66666667,1
90,1.5
93,1
90.66666667,1.666666667
93,2
93,2
88,2.666666667
87,3
87,3
86.66666667,3
87,3
87,3
91,3
93,3
96.5,3
92.66666667,3.666666667
93,4.5
93,5
87,5.333333333
87,6
87,6
85.66666667,5.333333333
87,5
81,5
82.33333333,4.666666667
84,4
81,4
84.33333333,4
87,4
87,4
86.33333333,4
93,2.5
87,3
88.66666667,2.666666667
87,2
93,2
92.66666667,2
93,2
96.5,2
95.66666667,2.666666667
93,4
93,5
88.66666667,5.666666667
87,6
93,6
86.66666667,6
87,6
90,6
87.66666667,6
93,5
93,5
92.33333333,5
87,5
87,4.5
85.33333333,4
87,4
87,4
86,4
90,4.5
93,4
93.66666667,4
93,5
93,5
92.33333333,5
87,6
90,6
86,6
84,6
84,6
81.66666667,6
87,5
87,5
86,5
87,5
93,4
87.66666667,4
87,4
87,4
85.66666667,4
87,4
87,4
87,4
87,4
87,4
86,4
90,4
93,4
92.33333333,4
93,5
90,5.5
89.33333333,6
93,6
93,6
86.33333333,6
84,5.5
90,5
86.33333333,5
87,5
87,4.5
84.66666667,4
93,4
93,4
91,4
93,4
96.5,3.5
95.66666667,3
93,3
93,3
91.66666667,3
93,3
93,3
91,3
84,4
84,4
70,4.666666667
67.5,5
78,4
71.66666667,4
78,4
81,3
81.33333333,3
81,3
87,2
85,2
87,1
84,0.5
84.66666667,0
90,-0.5
87,0
89.66666667,0
90,0
90,0
86.66666667,0
90,0
93,0
85.33333333,0.666666667
87,1
81,2
76.33333333,2
75,2
78,1.5
70.33333333,1
72,0
77.5,-0.5
74.66666667,-1
77.5,-1.5
80,-2
76.66666667,-2
83,-2
86,-2
84,-2
83,-2.5
86,-3
83.66666667,-3
83,-3
80,-3
79,-3.333333333
86,-4
80,-3
79,-2.333333333
75,-1
72,-0.5
64,0.333333333
67,0.5
65,1
68.66666667,0
77.5,-0.5
80,-1
78.33333333,-1
86,-2
86,-2
86.33333333,-2.333333333
86,-3
86,-3
88.33333333,-3.666666667
93,-4
93,-4
92.33333333,-4
93,-4
93,-4
92.33333333,-4.666666667
93,-5
93,-4.5
91.66666667,-3.666666667
83,-1.5
80.5,-0.5
71,0.666666667
65,2
67.5,1.5
69.33333333,1
86,-1
83,-1.5
83.66666667,-2
93,-3
93,-3.5
88.66666667,-3.333333333
86,-3
89.5,-3.5
89.33333333,-4
93,-4
93,-4
88.33333333,-4
89.5,-4.5
89.5,-5
92,-5.333333333
89.5,-5.5
86,-5
85.33333333,-5
86,-5
86,-4
77.33333333,-3
74.5,-1.5
77.5,-1
76.66666667,-1
86,-2
86,-2
90.33333333,-2
86,-2
89.5,-2
83.33333333,-2
86,-2
86,-2
82,-2.333333333
86,-3
86,-3
85.33333333,-3
86,-3
86,-3
85,-3
86,-3
86,-3
84,-3
86,-3
86,-3
83,-3
83,-2.5
80,-2
79.33333333,-2.333333333
86,-3
86,-3
85,-3
86,-3
83,-3
81.33333333,-3.333333333
86,-4
86,-4
85,-4
86,-4
86,-4
83.33333333,-4
89.5,-4
86,-4
85,-4
86,-4
86,-4
86,-3.5
86,-3
83.66666667,-1.333333333
83,-0.5
80,0
78.66666667,0
87,0
87,0
89.66666667,0
93,0
93,0
91.33333333,0
96.5,0
93,0.5
92.33333333,0.666666667
93,1
93,1
92.66666667,1
93,1
93,1
92.66666667,1
93,1
87,2
93,2
90,3
90,3.5
86,4
87,4
87,4
83.33333333,4
81,4
87,3
89,2.333333333
90,2.5
87,3
88.33333333,3
90,3.5
87,4
86,4
93,4
93,4
92.33333333,4
93,4
93,4
95.66666667,4
100,4
93,5
92.66666667,5
90,5.5
87,6
87.66666667,6.333333333
87,7
81,7.5
78,7
90,5.5
90,5
89,5
90,5
90,5
87,5
90,5
87,5
86.33333333,5
84,5.5
87,6
79.66666667,6.333333333
76,7
78.5,7
77.33333333,7
81,7
87,7
82,7.333333333
81,8
79,9
79.66666667,9
82,9
84.5,9
83,9
79,9.5
76,10
71.33333333,10
73.5,10
76,10
69.66666667,10
71,10
71,10
68.66666667,10
76,10
76,10
74,10
76,10
76,10
74,10
79,9.5
79,9.5
79.66666667,10
82,10
76,10
78.33333333,10
79,10
82,10
79,10
82,10
84.5,10
84.66666667,10
79,11
76,11
76.66666667,10.66666667
76,11
76,11
70.66666667,11
73.5,10.5
82,10
73.33333333,10
73.5,10
76,10
75.66666667,9.666666667
79,9
73.5,9.5
73,9
71,10
71,10
68,10
71,10
71,9.5
68.33333333,9
71,9
71,9
73,8
71,8.5
73.5,8
66.66666667,8.666666667
71,8
71,8
68,8
76,8
71,8
72,7.333333333
76,7
76,7
76.66666667,6
81,6
84,6.5
76,7.5
64,9
60,9.5
52.33333333,10.33333333
52,11
60,10
58,10
62,10
66,10
64.33333333,10.66666667
71.5,10.5
82,10
81,10
87,9
76,8.5
75.33333333,8
76,8
78.5,7
77,6.333333333
84,5.5
81,5
81.33333333,5
84,4.5
84,5.5
77,6.333333333
71,7.5
66.5,8.5
57.66666667,9
54,10
52,10
53.33333333,9.333333333
64,7.5
66,7
65,6.333333333
73,5
84,3.5
83.66666667,2.666666667
87,2.5
81,3
81,2.666666667
87,2
87,2
87.66666667,1.333333333
93,1
87,2
88.66666667,1.666666667
93,1
90,2.5
85.33333333,4
78.5,6
71,7.5
64,9
62,10
66,10
65,9.666666667
73.5,9
73.5,8.5
81.66666667,6.666666667
87,6
78.5,7
78.33333333,6.333333333
78.5,6
78.5,5.5
83.66666667,5
78.5,6
81,6
79,6
81,6
87,5
82.33333333,5.666666667
87,6
87,6
83,7
81,8
76,10
73,10
81.5,9.5
87,9
85.66666667,9
87,9
90,9
89.66666667,9.333333333
87,10
90.5,10
90.33333333,10.33333333
88,11
88,11
88,11
88,11
88,11
90,10.66666667
94,10
94,10
92.33333333,10
94,10
91,10.5
89.66666667,10.66666667
94,10
91,11
89.33333333,11
88,11
94,11
90,11.33333333
91,11.5
82,12
81.33333333,12
84.5,10.5
87,10
87,10
87,10
94,10
92.66666667,9.333333333
93,9
93,9
92.66666667,9
84.5,9.5
87,9
89,8.333333333
87,9
84.5,9.5
76.66666667,10.33333333
74,11.5
72,12
71,11.66666667
81.5,10.5
87,10
84,10
84.5,9.5
87,9
81.66666667,9
81,8
81,8
78.66666667,7.333333333
87,6
87,5.5
88.66666667,5
87,5
93,4
92.33333333,3.333333333
93,3
93,2.5
95,2.333333333
93,3.5
93,4
89.33333333,5
84,6.5
81,7
77,7.333333333
76,8
71,8
70.33333333,8
76,7.5
76,7
77.33333333,7
84,6.5
78.5,7
74.66666667,7
78.5,6.5
81,6
79.33333333,6
84,6
81,6
79,6
81,6
81,6
79.66666667,6
84,6
87,6
88,6.333333333
93,7
87,8
81.33333333,8
81,8
81,8
82,8
84,7.5
87,7
89.66666667,6
87,6
87,6
91.33333333,5.333333333
93,5
93,5
88,5
93,4
90,4
90,4
87,4
90,3.5
90.66666667,3
87,4
87,4.5
82.33333333,5.666666667
84,6
78.5,7.5
71,8
71,8
71,8
71.33333333,7.333333333
84,6
84,6
82,6
78.5,7
81,7
79,7
81,7
81,7
79.33333333,6.666666667
84,6
84,5.5
86.33333333,4.666666667
90,4
87,4
91.33333333,3.333333333
90,3.5
87,5
80.33333333,6
78.5,7.5
76,8
70.66666667,8.666666667
66,10
62,10
58.66666667,10
68.5,8.5
73.5,7.5
72,7
81,6
84,4.5
81.66666667,4.666666667
90,3.5
90,3.5
93.33333333,2.333333333
96.5,1.5
96.5,1.5
98.66666667,1.333333333
100,0.5
100,0
99.33333333,0
100,-0.5
100,-0.5
97,1
93,3.5
93,4
84.66666667,5
76,8
66,9.5
59.66666667,9.666666667
66.5,7.5
71,6
74.33333333,5
81,4
81,4
82.66666667,3
90,1
87,1
85,1
87,1
87,1
87.33333333,1
87,1
87,1
85.33333333,1
87,1
87,1
82.66666667,1.666666667
84,2
81,2
84,2
84,2
87,2
84,2
87,2
87,2
84.66666667,2
87,2
87,2
84.66666667,2
84,2.5
84,3
83.33333333,2.666666667
81,3
84,3
86.33333333,2.333333333
93,2
93,1
91.33333333,1
90,1.5
81,3
69.66666667,3.666666667
70,4
70,5
66.33333333,5
70,5
66,6
63.66666667,6
71,5.5
76,5
72.66666667,5
73,5
76,5
81.33333333,4.333333333
87,4
87,4
86,4
87,4
93,3
90.66666667,3
93,3
93,3
93,2
93,2
93,2
92.66666667,2
90,2
93,2
86.33333333,2.666666667
87,3
81,3
78.66666667,3
81,3
75,3
72.33333333,3
75,3
78,2
72.33333333,2
78,1.5
81,1
80.66666667,1
81,1
87,0
82.66666667,0.333333333
81,1
81,1
84.33333333,0.333333333
87,0
84,0.5
77.33333333,0.666666667
81,1
78,1.5
72.66666667,2
75,2
75,2
72.33333333,2
75,2
75,2
71.66666667,1.666666667
75,1
77.5,-0.5
77.33333333,-1
86,-2
86.5,-2.5
87.66666667,-3
86,-3
89.5,-3.5
89.33333333,-3.666666667
86,-3.5
86,-4
85.33333333,-4
86,-4
80,-3
76,-2.333333333
75,-0.5
69.5,0.5
60,2
58,3
56,3
51.33333333,3.333333333
58,3
60,2
60.66666667,1.666666667
70,0.5
72,0
72,-0.666666667
77.5,-0.5
75,0
72.33333333,0
80,-1
80,-1
76.33333333,-1
75,-1
75,-1
67.66666667,-1
72,-0.5
69,0
64.66666667,0.333333333
65,1
58,2
50.66666667,2.333333333
56,3
60.5,2.5
67.66666667,1.666666667
87,1
87,1
84.33333333,1
87,1
93,1
85.66666667,1.666666667
87,2
90,2
90.33333333,2
90,2.5
93,3
93,3
90,3.5
93,4
92.33333333,4
96.5,4.5
93,5
92.66666667,5.666666667
90,7
93,7
94.33333333,7.333333333
93,8.5
90,9
93,9
93,9
93,9
90,8.666666667
93,8
96.5,8
92.66666667,8
93,9
93,8.5
92.66666667,8.666666667
93,8
93,8
89.66666667,7.666666667
90,7
87,7
87.33333333,7
90,7
87,7
91.33333333,7
90,7.5
87,8
87,8.333333333
87,9
87,9
90.66666667,9
93,9
96.5,8.5
92.66666667,8
93,8
93,8
94,7.666666667
96.5,7
93,7
92.66666667,7
93,7
93,7
93.33333333,7
93,7
93,7
89.33333333,7
90,7
81,8
80.66666667,8
84,8
87,8
91,8
93,8
90,9
90.66666667,8.333333333
93,7
90,6.5
90.66666667,6
93,6
93,6
91.66666667,6
90,6
87,6
88.33333333,6
87,6
87,6
85.66666667,6
84,6
81,6
80.33333333,6
87,5
81,6
80,6
76,7
76,7
73.33333333,7
76,6.5
78.5,6.5
75,6
81,6
76,6
76.33333333,5.666666667
87,5
87,5
84.66666667,5
87,5
87,5
86,5
87,5
87,4.5
91,4
93,4
93,3
92,2.333333333
93,2
87,3
85.66666667,3
87,3
87,3
86,3
87,3
87,3
90,3
90,3
87,3
86.33333333,3
87,3
87,3
86.33333333,3
90,3
90,3
93,2.666666667
93,3
93,3
91.33333333,3
93,3
93,3
90.66666667,3
93,3
93,3
86.66666667,3.666666667
81,5
78.5,5.5
70,6.666666667
73.5,6.5
78.5,6
78,5.333333333
84,4
81,4
85,3.333333333
87,3
87,3
86,3
87,3
87,3
80.33333333,3
87,2
90,1.5
88.66666667,0.666666667
93,0
87,0
91,-1
90,-0.5
84,0.5
77.66666667,1.333333333
70,3.5
63,5.5
50.33333333,7
48,8.5
50,8.5
47.33333333,8.333333333
59,6.5
61,5.5
63.66666667,4.666666667
70,3
75,2
76.33333333,1.333333333
80,0
86,-1
83.66666667,-1
93,-2
86,-2
90.66666667,-2
89.5,-2
93,-3
87,-2.333333333
93,-2
86,-1
77.66666667,0
67.5,2.5
63,4
56.33333333,4.666666667
53,6
49.5,6.5
43.33333333,6.333333333
55,5.5
63,4
63.33333333,3.333333333
67.5,2.5
72.5,1.5
74.66666667,0.333333333
80,0
83,-0.5
81.66666667,-1
86,-1
86,-2
84,-2
86,-2
93,-3
86.66666667,-2.333333333
86,-1.5
83,-0.5
70.33333333,1
63,3.5
59,5.5
52,6.333333333
57,7
55,8
50,8
63.5,6.5
72.5,4.5
74.33333333,3
78,2.5
81,2
82,1.333333333
87,0
90,-0.5
88.66666667,-1
93,-2
93,-2
92.66666667,-2
96.5,-1.5
100,-2
97.33333333,-2
100,-2
93,-1
89,-0.333333333
87,1
81,2
81,2.333333333
78,3.5
81,4
74,4.666666667
78.5,5
81,5
78,5
81,5
73,5
75,4
81,3
84,1.5
93,0
93,0
93,-1
81,1
90,-0.5
93,-1
93,-1.5
90,0
81,1.5
67.5,3
59,4.5
61,5
53,6
51,6
51,7
49.5,6.5
61,5.5
63.5,4
72.5,2.5
70,2
70,1
68.33333333,0.666666667
75,0
74.5,-0.5
71,-0.666666667
77.5,-1
75,-1
72,-1
75,-1
77.5,-1.5
74.66666667,-1.666666667
69,0
62.5,1.5
50.66666667,2.666666667
47,4.5
40.5,5.5
35,6.333333333
38,7
37,8
30,8
38,7
40.5,5.5
37.33333333,4.666666667
42,4
46.5,3
47.66666667,2
58,1
60,0.5
57,0
60,0
55,0
51,-0.333333333
57.5,-0.5
64,-1
54,-0.333333333
54,1.5
50,3
41.33333333,4.666666667
43,7.5
44.5,9
41.66666667,10
45,10.5
45.5,11
44.33333333,11
48.5,11
56,9.5
57.66666667,8
68.5,7.5
73.5,7.5
63.33333333,8.666666667
68.5,9
68.5,9
65.66666667,9.333333333
78.5,7.5
81,7
74,7.333333333
73.5,7.5
76,7
76,7
76,7
76,7
71.66666667,7.333333333
73.5,8
76,8
75,8
81.5,7.5
87,7.5
82.66666667,7.666666667
84,7
81,7.5
81.5,6.5
78.5,7
81,6.5
79,6
87,5
90,5
88.33333333,5
90,5
87,5
87.66666667,4.666666667
87,5
87,5
85.33333333,5
84,5.5
78.5,7
78.33333333,7
76,8
73.5,8.5
70,8.666666667
73.5,9
76,9
74.33333333,8.666666667
76,9
76,9
74,9
82,9
79,9
74.33333333,9
82,9
82,9
79,9
84.5,8.5
81,8
76,8
81,7
81,7
80.33333333,7
81,7.5
76,8
72.66666667,8.333333333
66,9.5
58,10
55.33333333,10
58,10
56,10
52.66666667,10
58,10
66,9
67,7.666666667
78.5,6.5
81,6
83.33333333,5.333333333
84,5
87,4
86,4
87,4
84,4.5
84.66666667,4
87,4
87,4
84.33333333,4
81,5
76,6.5
66,8
64,9.5
58,11
51.66666667,12
54,13
52.5,13.5
56,13
56,12.5
58,12
55,12
66.5,11.5
82,10
83.33333333,9.333333333
84.5,9
79,9
77.66666667,9
79,9
76,9
77.66666667,9
87,8
84.5,8.5
82.33333333,8.666666667
84.5,9
82,10
80.33333333,10
76,11
74,11.5
73.66666667,12
72,12
72,12
74.5,12
74,11.5
84.5,10.5
87,10
87,10
87,10
92.33333333,9.333333333
93,9
93,9
93.33333333,9
93,9
93,9
92.33333333,9
93,9
93,8
92.66666667,8
93.5,9.5
94,10
88.33333333,10.33333333
82,11.5
77,13
68.33333333,13.33333333
69.5,14
69.5,14
69.33333333,13.66666667
72,13
74.5,13
76.33333333,12
82,11
90,9.5
89,9.333333333
93,9
93,9
89.66666667,8.666666667
93,8
96.5,7
93,7
96.5,6.5
93,6
95,6
93,6.5
93,8.5
84,10
79.5,11.5
69.5,13.5
63,15
61,16
59,17
54.33333333,17
57,16.5
63,15
66.66666667,13.66666667
74.5,12.5
87,10
76.33333333,10.66666667
81.5,10
79,9.5
84.66666667,8
87,8
93,7
90,7
93,6
90,6
89.33333333,6
84,7.5
84.5,8.5
74.66666667,9.666666667
71,11
67,12
66.33333333,12
69,11.5
69,11.5
67.66666667,11.33333333
73.5,10.5
79,9
78,8.333333333
84,7.5
84,7
79.66666667,7
87,6
84,6
82.66666667,5.666666667
87,5
87,5
90,4.666666667
96.5,4
93,4
90.66666667,4
90,4.5
87,5
82.66666667,5.333333333
81,6
81,6
81.66666667,6
84,5.5
90,5
88.66666667,5
90,5
93,5
91.66666667,5
90,5
87,5
87.33333333,5
87,5
87,5
87.33333333,5
87,5
87,5
86,5
87,5
90,5
88.33333333,5
84,5.5
81,6.5
76.66666667,7
76,8
71,9
69,9
73.5,9
71,10
72,9.666666667
87,8
87,8
91.66666667,7.666666667
93,7
93,7
93.33333333,7
93,7
90,6
91.66666667,5.333333333
87,5
87,5
88.33333333,5
87,5
87,5
87.66666667,5
87,5
84,5
77,5.666666667
68.5,7.5
56,9
48,9.666666667
45,10
40,10
35.66666667,10
45,9.5
59,7.5
66,6
61,6
59,5.5
63,4.333333333
72.5,3.5
78.5,2
82.33333333,1.666666667
84,0.5
87,0
81.66666667,0.333333333
83,-0.5
86.5,-0.5
89.33333333,-0.666666667
75,3
78,4
72.33333333,5.333333333
66,7.5
41.5,9
38.33333333,9.666666667
39,10.5
38,11
41,11
45,10
55.5,8.5
44,8.333333333
61.5,6
72.5,4.5
75.66666667,3.333333333
81,3
75.5,2.5
70.66666667,3
87,1
84,1
83,0.666666667
87,0
87,0
82.66666667,1
79,5
64,7.5
47,9.333333333
45.5,11
39.5,12
30.66666667,12.66666667
34.5,13
29,13.5
23.33333333,14
32,14
42.5,12
40.66666667,10.66666667
44.5,9.5
49.5,8.5
52.33333333,7.333333333
61.5,6.5
65,5
64,5
67.5,4.5
72.5,3.5
75,3.333333333
87,1
84,1.5
80.66666667,2
76,6
66,8
52.66666667,9.666666667
42.5,12.5
37,13.5
32,14.33333333
36,15
39,15
39.33333333,15
57,14
65,12.5
65.66666667,11.33333333
71,10.5
76.5,9.5
76.33333333,8.666666667
84,7.5
87,7
82,6.666666667
87,6
93,5
92.66666667,4.333333333
96.5,4.5
100,3
96,3.333333333
96.5,5
84.5,8.5
75.66666667,10
67.5,13
57,14.5
48.66666667,15
48,16
48,16.5
47.66666667,16
57,15.5
65,13.5
68,12
82,10
82,10
83.66666667,9
84.5,8.5
87,7.5
89.66666667,6.666666667
93,6
93,5.5
92.33333333,5
96.5,4.5
100,4
94.66666667,4.333333333
87,6.5
71.5,9.5
58.33333333,11.33333333
42.5,13.5
42,15
37,15.66666667
43.5,16.5
43.5,16.5
42.33333333,16
45,16
57,14
58,13
62.5,12.5
62,12
63.33333333,11.33333333
73.5,9.5
78.5,8.5
81.66666667,8.333333333
84,7.5
93,6
92.33333333,5.666666667
93,5.5
93,5
96,5
93,7
90,8.5
75,10.66666667
65,13.5
59,15
51,15.33333333
53.5,16.5
50,17
47.66666667,16.33333333
52,16
59,14.5
62.33333333,13
66.5,11.5
76,9.5
75.66666667,8.666666667
78.5,8
87,7
87.66666667,6.333333333
84,6.5
90,5.5
96.5,4
96.5,3.5
93,4
90.66666667,4.333333333
78.5,6.5
64,8.5
56.33333333,9.333333333
58,10.5
51,12
46,12.33333333
49,12
52.5,11.5
51.66666667,10.33333333
60,9.5
68.5,8.5
68.33333333,7.666666667
73.5,7.5
76,7
76.33333333,6.666666667
81,6
81,6
78.33333333,5.666666667
84,5
84,5
79.66666667,5
87,4
90,3.5
85.33333333,4
84,5
78.5,6.5
70,7.666666667
64,9.5
56,11.5
46,13
46.5,14.5
42,15
39.66666667,15
51,13.5
54,12.5
54.33333333,11
71,8.5
71,8
68,7.333333333
68.5,7
68.5,7
72,6.333333333
76,6
78.5,4.5
74.66666667,4.666666667
78,3.5
81,4
76.33333333,4.333333333
76,5.5
66,7
50.5,8.5
48.5,9.5
47,11
40.33333333,11.33333333
41,11.5
44,12
40.33333333,12
44,12
52,10.5
57,9
68.5,7.5
76,6
74,5.666666667
76,5
81.5,4.5
80.66666667,4
84,3.5
87,2.5
88,2
93,0.5
90,1
86.33333333,2
76,6.5
64,9.5
54.66666667,11
47,13
45.5,13.5
39,14.66666667
37.5,15.5
37.5,15
35.66666667,15.33333333
46.5,14.5
52.5,13
47.66666667,12
64.5,11
64,10
62.66666667,9
68.5,8
71,7
69.66666667,7
71,7.5
66,9
71.33333333,8.333333333
76,8.5
79,9.5
79.33333333,10
82,11
74.5,13
72.33333333,13
77,13
77,13
74.33333333,13
82.5,12.5
88,12
87,12
94,10
94,10
89.66666667,10.66666667
94,10
94,10
90.33333333,10
94,10
94,10
92.33333333,10
94,10
94,10
92.33333333,10
91,10.5
88,11
92,11
94,11
88,11.5
89.33333333,12
85,13
82,13
78.33333333,13
88,13
82,14
80.66666667,14
77,14
77,14
77,14
82,14
88,13
80.66666667,13
85,13
82,13
80.66666667,13
79.5,13
85,12.5
80.66666667,13
82,13
88,13
86.33333333,13
88,13
88,13
84.33333333,13.66666667
82,15
79.5,15.5
74.66666667,15.66666667
82.5,14.5
88,14
84.66666667,14.33333333
82,15
79.5,14.5
83.33333333,13.66666667
88,13
88,13
84,13
88,12
85,12
88,11.33333333
88,11
88,11
89.66666667,10.66666667
90,9.5
88,11
84.33333333,11.66666667
79.5,14
68,17
60,18.66666667
54.5,20.5
53,21
45.66666667,22
41,23
39.5,22.5
34,22.33333333
44.5,22
54.5,20.5
52,19.66666667
74.5,16.5
70,16
68.33333333,15.33333333
72,15
69.5,13.5
78.66666667,12
88,11
88,11
88,11
91,10.5
85,11
82.33333333,11
88,11
85,11
84.66666667,11
85,11.5
82,12
73,12.66666667
59,14
59,14
53,14
60.5,13
67,12
65.33333333,11.66666667
73.5,11
76,11
82.66666667,10.33333333
87,10
82,10
78.66666667,9.333333333
84.5,9
84.5,9
80.66666667,9
82,9
82,9
80.33333333,9
84.5,9
84.5,9.5
75,10.66666667
69,11
58.5,13
50.33333333,13
52.5,13.5
49,13
44.66666667,12.66666667
49,12
50.5,10.5
49.33333333,9.666666667
54,9
56,9
57,8.333333333
61.5,7.5
66,7
66.66666667,7
73.5,6.5
84,5.5
81,5.333333333
78.5,6
76,7
71.66666667,7.333333333
68.5,9.5
60,10.5
58,11
64.5,11.5
49,13
47,12.66666667
50.5,11.5
66.5,10
67,9.666666667
68.5,10
67,11
67.33333333,11
82,10
76.5,10.5
71.66666667,11
72,12
69.5,12
67.33333333,12
72,12
69.5,12
64.33333333,12
69.5,12
67,12
62.66666667,12.33333333
55,14
53,15
49,16
52,17.5
52,18.5
47.33333333,19.66666667
53,21
54.5,21.5
51,21.66666667
56.5,21.5
66,19.5
68.66666667,18.33333333
77,16
79.5,16
78,15.66666667
82,15
77,16
76.33333333,15.33333333
79.5,15
82,15
76,15
88,12.5
85,12.5
78.33333333,13.33333333
65,14.5
57,15.5
51,16.33333333
48.5,17.5
50.5,18
43.66666667,18.33333333
50.5,19
57.5,18.5
58.33333333,17.33333333
67,15
72,14
74,13.33333333
77,13
77,13
84,11.33333333
91,10.5
87.5,10.5
86.33333333,10.66666667
88,11
91,10.5
92,10
94,10
90.5,10
87.33333333,10.66666667
82,12
79.5,14.5
71.33333333,14.33333333
61,16
55,17
49.66666667,17
53.5,17
55.5,17.5
50,17
51.5,16
55,14.5
52.66666667,13
62,11
68.5,9.5
73,8.333333333
76,7
78.5,7
74.66666667,6.666666667
81,6
78.5,6.5
77.66666667,6
84,5.5
93,5.5
87,6.666666667
90,7.5
90,7.5
83.66666667,8.333333333
73.5,10.5
69.5,12.5
56,14
49.5,15.5
43.5,16.5
37.33333333,17
39,17
46.5,15.5
47.33333333,13.66666667
52.5,13
62,11
64,10
71,9.5
71,9
67.66666667,8.333333333
71,7.5
76,6
76.33333333,5.666666667
78.5,5
81,5
76.33333333,6
71,8.5
58,11
47,13.33333333
38,16.5
38,17.5
34.66666667,18.66666667
35,20.5
33,21
29.33333333,21
38.5,20
48.5,17.5
42.33333333,17
48,16
55,14.5
51.66666667,14
65,12.5
64.5,12
59.33333333,12
79,9.5
82,9
77,8.666666667
84,7.5
90,7
81.66666667,9.666666667
63,14.5
50,17.5
40.33333333,18.66666667
41.5,19.5
39,21
37.33333333,21.33333333
42,21.5
44.5,20.5
40.66666667,20
46,19.5
52.5,18.5
53,17.66666667
63,15.5
67.5,13.5
75,12.66666667
84.5,9
87,8
86,8.333333333
87,8
84,8
80.66666667,8
81,8
81,8
79.33333333,8
76,9
73.5,9
64.66666667,9.666666667
68.5,9
64,10.5
55.66666667,10.66666667
48.5,10.5
47,11
46,10.33333333
52,10
60,9.5
62,8.333333333
64,8
66,7.5
63.66666667,6.666666667
70,6
73,6
79.33333333,5
87,4
87,4
91.33333333,3.333333333
93,3
93,3.5
85.33333333,5.666666667
71,8.5
62,10
49,11.33333333
47.5,12
41,12.5
37.33333333,12.66666667
41,13
41,13
37.33333333,12.66666667
56,10.5
64,9.5
67,9
76,8
81,7
84.33333333,6.333333333
87,5
87,5
85,5
84,6
87,6
86,6
87,6
78.5,7
75,7.333333333
73.5,8.5
71,9
65.66666667,9.333333333
64,10.5
60,11.5
51.33333333,12
49,12.5
51,12.5
48,12
52.5,12
52.5,12
66.5,10.5
71,10
71,10
71,9.666666667
73.5,9
71,9
73.66666667,8.666666667
78.5,8
81,8
84,7.5
87,7
87,7
73.5,8.5
66.5,9.5
58,12
43.33333333,12.66666667
38.5,14
36,14
32.33333333,14
37.5,15
35,14.5
31,15
35,14.5
40,13.5
47,12.5
44,12
47,11
49,10
64,8
66.5,7.5
75,6.666666667
78.5,6
68,6.5
66.33333333,6.333333333
78.5,4.5
70.5,6.5
64.66666667,7.333333333
54,10.5
42.5,13.5
32.66666667,14
36,15
36,15
30.33333333,15.33333333
36,15
37.5,15
31,15.33333333
37.5,15
41,14
36,13.66666667
56,11
62,10
57,10
64,9.5
71,9.5
68,9
71,9
73.5,9
75,8.666666667
78.5,8.5
78.5,8.5
76,9
79,9.5
73.5,10.5
66.33333333,12
54,14
35,16
28.66666667,16
31,17
33,17
30.66666667,16.66666667
34,16
37.5,15.5
36,14
44,13
50.5,11.5
46.33333333,11.33333333
56,10
71,7.5
66.66666667,7
76,6
76,6
74.66666667,6
70,6
81,5
70.33333333,7
62,10.5
51,13
41.33333333,15
35.5,17.5
34.5,18.5
29.33333333,19.33333333
28,20
29,20
25.33333333,20
28,20
32,19
30.66666667,18
48.5,14.5
53.5,13.5
48,13.33333333
64,10.5
66,10
58.66666667,11
64,10.5
60,11.5
58,10.66666667
66,10
62,11
55.33333333,12
51.5,15.5
49,18
40,19.66666667
38,22
33,22
28,22.66666667
29,23
29,23.5
25.66666667,23.33333333
33.5,22.5
32,22.5
37.33333333,20
47,18
43.5,17.5
42,16.66666667
61,13.5
65,13
58,13.33333333
65,12.5
71,11
69,10
78.5,9
71,10.5
66.66666667,12.66666667
55,16
46,18
33.66666667,20.66666667
30,22
27,22
22.66666667,22.66666667
25,23
25,23
20,23
23,23
29,22
26.33333333,20.66666667
42,17.5
54,15.5
50.66666667,14.66666667
67,11.5
71,11
66.33333333,11
67,11
69,9.5
76.33333333,8.666666667
73.5,9.5
76,10.5
67.66666667,13
52,17.5
44.5,20
37,21
36,23
37,23.5
29,24
27,24
33.5,23.5
26,23.33333333
27,24
31,22.5
30.33333333,21.33333333
40,19
42,18
42.33333333,17
55.5,15.5
55,14
56,12.66666667
63.5,13
60,12.5
65.33333333,11.33333333
79,9.5
73.5,11
63,13.66666667
55.5,18
44.5,20.5
37.33333333,21.33333333
33.5,23.5
37,24
33,24
34,25
31.5,25
29.66666667,24
41.5,21
49,19.5
46.33333333,19
53.5,17.5
57,16.5
57,16.33333333
61,15.5
53.5,16
53.66666667,15.33333333
61,14.5
77,11.5
79,10.33333333
84.5,9.5
82,10.5
77.66666667,12.66666667
67.5,16
67.5,16.5
52.33333333,19
38.5,23
38,24
31,24.66666667
29,26
28,26
26,26
32,25.5
36,24.5
36.66666667,22
52,17.5
52,16.5
51.33333333,16
61,15.5
69.5,13.5
69.66666667,13.66666667
67,15
65,14.5
68.33333333,13
79.5,11.5
69.5,14
61.33333333,16
57.5,17.5
55.5,18.5
48.33333333,20
43.5,22.5
41,23.5
29.66666667,24.66666667
29,26
26.5,25.5
22.66666667,25.33333333
27,25
32,23.5
34.66666667,21
42.5,18.5
50,17.5
52.33333333,16.66666667
61,16
67,14
68,13.33333333
72,12
71,11
71,10.33333333
79,9.5
76,10
69.66666667,11
65,14
55.5,16.5
41.33333333,18.66666667
31,21.5
29,22
21.66666667,22.66666667
25,23
24.5,23.5
22.33333333,23
26,23
32,21.5
40,18.5
42,17
53,14.5
55.66666667,14
65,12.5
69,11.5
64.66666667,11.33333333
73.5,10.5
76,10
69.66666667,10.33333333
73.5,9.5
84.5,9
76.66666667,11
61,14
53.5,16.5
44,18
34,20
37.5,20.5
31.33333333,21.33333333
35,21.5
35.5,21.5
33,21.33333333
39,20.5
41.5,19.5
46.66666667,18
65.5,16
69.5,14.5
63.66666667,14
57,14
69,11.5
69.33333333,10.66666667
71,9.5
68.5,9
69.66666667,8
84,7
81,8
80,8.666666667
76,10.5
74,11.5
64.33333333,13
59,15
59,15
58.66666667,15
59,15
69.5,13.5
68.33333333,13.33333333
74.5,12.5
77,12
79.33333333,11.33333333
84.5,10.5
87,10
85.33333333,10
87,10
93,9
93,9
90,9.5
90.5,10
92.33333333,10
97,10
91,11
93.66666667,11
94,11
88,12
88,12.66666667
79.5,14
77,14.5
79.66666667,13.66666667
82,14
77,14.5
69.33333333,14.66666667
65,15.5
65,15.5
73.66666667,14.33333333
82,13
88,12.5
82,12
91,10.5
91,10.5
92.66666667,10.33333333
100,8.5
93,9
96.33333333,8.333333333
93,8
93,7.5
92,8.333333333
91,10.5
88,12.5
84,13.66666667
72.5,17.5
53,20
43.33333333,21.33333333
42,22
38.5,22.5
35.66666667,21.66666667
52.5,18.5
55.5,18.5
54,17.66666667
63,15.5
69.5,14.5
68.66666667,14
74.5,14
77,13
73.33333333,13.33333333
82,12
82,12
79.66666667,11.33333333
84.5,10.5
79.5,11.5
69.33333333,12.33333333
61,14.5
59,15.5
51.33333333,17
47.5,19
43,20
38.66666667,20.33333333
41.5,21
40.5,21.5
37.66666667,21.66666667
41.5,21
47.5,19.5
44.66666667,18.66666667
52,17
50,16.5
46.33333333,15.66666667
53,14
54,13
62.5,11.5
64,10.5
66,10
63,9.333333333
60,9
56,9.5
50.66666667,10.33333333
51,12
48,14
43,15
43.5,16.5
41,18.5
37.33333333,18.66666667
38.5,19.5
35,20
31.66666667,20
38.5,19
38,18
35.66666667,16
38.5,14.5
41,13.5
40.66666667,12.66666667
45.5,12
48.5,11
46.33333333,10
54,9
55.5,8.5
54,7.666666667
63.5,6.5
61,7
52.66666667,8
52,10
47,11.5
42.33333333,12.66666667
41.5,14.5
42,15
34,15.33333333
36.5,15.5
34,16
32.5,15.5
34,15
34.5,13.5
32.66666667,12.33333333
45,10
44.5,9.5
44.66666667,8.666666667
53,8
59,7
58,6.666666667
66,6
76,5
72.66666667,5
76,5
73,5.5
62.33333333,6.333333333
59,7.5
50.5,9.5
41.66666667,10.33333333
42.5,11.5
37,13
29.33333333,13
28,14
28,14
23.33333333,14
23,14.5
24,14
26.66666667,12.33333333
41.5,8.5
41.5,8
46.33333333,6.666666667
63.5,6
67.5,5
66.66666667,4.333333333
70,3.5
72.5,3.5
74.66666667,2.333333333
81,2
75,4
71,5
66,8
58,9.5
45,11
39.5,12.5
34.5,13.5
31,14
36,14.5
34.5,14
36,14.5
42.5,13.5
44,13.5
48.33333333,11.66666667
58,9.5
68.5,8
66.33333333,7.666666667
71,8
76,7
76.66666667,6.333333333
76,6
81,5
79.66666667,5
84,4
73.5,6.5
58.66666667,9.333333333
51,12
45,14.5
34.33333333,14.66666667
35,16.5
31,17
25.66666667,17.66666667
29,18
29,19
24.33333333,19
27,19
31,18.5
30.33333333,17.66666667
43.5,15.5
46,14
45,13.33333333
60,11
62,10
63.66666667,9.666666667
66,9
68.5,8.5
64.66666667,8.666666667
58,9.5
56,10.5
46.66666667,12.33333333
48,14.5
43.5,17
38.5,19.5
34,20.5
28,23
22.66666667,23
28,23
29,23
23.33333333,23.66666667
26,23.5
33,22
32.33333333,20.33333333
44,18.5
50,16.5
49.33333333,15.66666667
52,16
55.5,15
57,14
63,13.5
65,13.5
58.33333333,14.33333333
59,15
57,15.5
54,16.33333333
50.5,18.5
47.5,20.5
39.33333333,21.33333333
35,24
31,26
26,26
29,26
28,26.5
22.66666667,27
27,26.5
31,25.5
29.33333333,24.33333333
43.5,21.5
46,21
43,20.66666667
47.5,20
47.5,19.5
42.33333333,19
45.5,18.5
50,17
47.66666667,16.33333333
52,16.5
52,17.5
47.66666667,18.66666667
47.5,20.5
46,21.5
42.33333333,22
42.5,23.5
41,24.5
35.66666667,24.66666667
35,26
37.5,25
37.66666667,24.33333333
41.5,24.5
40,24.5
45.66666667,21.66666667
66,18.5
68,17.5
65,16.66666667
67.5,15.5
72,15
70,15
79.5,14
79.5,13.5
81,12.33333333
82,13
77,14
72,14.33333333
72,15
68,16
67,16.33333333
66,17.5
64,18
58,19
60,20
56,21
49,21.33333333
48,22
56,21
60,20.5
68,19
77.5,17.5
85,16.33333333
91,15
91,14
91.66666667,13.33333333
88,13
91,12.5
91,12
88,12
85,13.5
79.66666667,14.33333333
85,14
82.5,14.5
76.66666667,16
64,19.5
54.5,21
47,22
45.5,23
50,22.5
47.66666667,22
54.5,21.5
54.5,21
60.33333333,20
72.5,17.5
77,16
75.66666667,15.33333333
77,15
74.5,14.5
74.66666667,13.66666667
72,13
72,12
71,11.66666667
71.5,11.5
65,12.5
58.66666667,13.33333333
53,15
45,16
38.66666667,17
35.5,18.5
32,19
31,19
36,20.5
38.5,20
33,20
40,19.5
57.5,17.5
53.66666667,16.66666667
59,15
59,14
58.66666667,13.33333333
77,12
79,11
79,11
84.5,10.5
85,11
80,11.33333333
82,11
85,11
79.33333333,12
79.5,13
74.5,14
61,15.5
55,16.5
48.5,16.5
43.66666667,16.33333333
39.5,17
37,17
33.33333333,16.66666667
40.5,16
40.5,16
43.66666667,15
56.5,13.5
60.5,13
61.33333333,12.66666667
67,11.5
73.5,10.5
73.33333333,10
79,9.5
87,8.5
89.66666667,7.333333333
93,7.5
87,9.5
80,11
74.5,13.5
65,15
52.33333333,16
42,17.5
37.5,18.5
33.66666667,18.66666667
40,18.5
40,18
36,18
42,18
44,17.5
50.33333333,16
67,13.5
69.5,12.5
69.33333333,11.66666667
73.5,10.5
79,9.5
81,8.666666667
84.5,8
90,7.5
79.33333333,8.666666667
76,9
76,10.5
79.5,11.5
79.5,11.5
72,12.5
61,13.33333333
45,15
42,15
33,15.66666667
35,15.5
35,15.5
32,15.33333333
33.5,15.5
41.5,14.5
44,14
51,13
51,13
48,12.66666667
62.5,11.5
73.5,10.5
75,9.666666667
79,10.5
87,9
86.33333333,8.666666667
87,9
84.5,10
83,10.33333333
82,11
79.5,11.5
68.66666667,12.33333333
65,13
59.5,14.5
49.33333333,15.33333333
51,14.5
46.5,15
43.66666667,14.66666667
49.5,13.5
52.5,13
50,13
60,12
62,12
58,12
64.5,12
67,12
66.33333333,11.66666667
76,11
73.5,11
76,10.66666667
84.5,10
84.5,10.5
77.33333333,11.66666667
77,12.5
74.5,13.5
73,13.33333333
85,13
88,13
85,13
82,14
74.5,15
68.33333333,15
67,15
67,15
65.33333333,14.66666667
72,14
72,14
74.66666667,13.33333333
77,13
82,12
79.66666667,12
82,12
82,12
81.33333333,12
91,11.5
88,12
79.33333333,12.66666667
77,13
77,13
67,14
63,15
57,16
52.33333333,16.33333333
50.5,18.5
49,18
44,18.33333333
50,17
50,17
52,15.66666667
61,14.5
69.5,12.5
70,12
81.5,10
87,9
85.66666667,9
87,9
87,9
85,10
82,11
85,11.5
80.33333333,12
77,13.5
72,15
66.33333333,15.66666667
63,17
52,19
46.33333333,19.33333333
46,20
44.5,21
41.66666667,21
46,21.5
44.5,20.5
44.33333333,19.33333333
59,17
61,17
63.66666667,16.33333333
74.5,14.5
79.5,13
76.66666667,13.33333333
82,13
85,12.5
86,12
88,12.5
88,13
82,13.66666667
77,15
74.5,15.5
77,15.33333333
77,16
82,15
81.33333333,14.66666667
77,15
74.5,15.5
70.33333333,16
68,16
70,16
69.33333333,15.33333333
79.5,13.5
79.5,13
82.66666667,12
82,12.5
85,12.5
85.66666667,10.66666667
94,10
94,10
92.66666667,9.333333333
90,9.5
85,12
81.66666667,14
72.5,16.5
61.5,18
55.33333333,18
59.5,18.5
58,19
53,19.33333333
54,19.5
56,19.5
45.33333333,20.33333333
44.5,20.5
47.5,18.5
48,17
59,14
56.5,13.5
60,12.33333333
67,11
76,9.5
80,8
90,6.5
87,7
88.33333333,6.333333333
87,7.5
79,10.5
73,12.33333333
63,15
51.5,16.5
45,17.33333333
41.5,19
35.5,21
30.33333333,21.33333333
38,22
34.5,23
28.66666667,23
32,23
36,22.5
34.33333333,21.33333333
44.5,19
53.5,16.5
57.66666667,15.33333333
63,15.5
65,15
60.66666667,15
55,16.5
59,16.5
68.66666667,15.66666667
88,15
88,15
85,16
79.5,17
63.5,18
58,18
56,18.5
59.5,18.5
55,18.66666667
33.5,19
37,18.5
35.33333333,18
42,17
46.5,16
43.33333333,15.66666667
55,14
63,13
60.33333333,12.66666667
69,11.5
76,11
76.66666667,10.33333333
82,10
82,10
85.66666667,9.333333333
87,9.5
84.5,10.5
76.66666667,12
67,14
57,15.5
48.33333333,16.33333333
43.5,17.5
42.5,18.5
37,20
40,21
39.5,22
36.33333333,22
39.5,22
41,22
41,21
56,18.5
59.5,17
51.33333333,17
53.5,15.5
57,15
65.66666667,13.66666667
79.5,13
82,13
72.66666667,13
64.5,12
69,11.5
64,11.66666667
58.5,13
49.5,14
40.33333333,14.66666667
39,16
39,16
32.33333333,16.33333333
32,17
31,17.5
26,18
34,17
35,16.5
37.33333333,15
49,13
56.5,11.5
67.66666667,9.333333333
71,9
71,10
74.33333333,9.333333333
84,7.5
87,7
90,6.333333333
90,7
82,9.5
73.66666667,11.33333333
57,14.5
45,16.5
36.33333333,17
32,18.5
29,20
22.66666667,20.33333333
21.5,22
21,22
17.33333333,22.33333333
23,22.5
23.5,22.5
23.66666667,21.66666667
37.5,18.5
41,16.5
48.33333333,14
54,13
54,13
46.33333333,13.66666667
43,14.5
48,14
43.66666667,14
53,14
49.5,16
46,16.66666667
57,16
63,15
54.66666667,15
51.5,16
50,16
43.66666667,16
45,17
45,16
43.33333333,16.33333333
67,14.5
70,13.5
75,13
74.5,13
69.5,13
68.66666667,13
72,13
82,12
82.66666667,11.66666667
88,11
88,11
81.33333333,11
81.5,10.5
79,11
73.33333333,11.33333333
72,12
77,12
77.33333333,12
82.5,11.5
80,12.5
67.33333333,13.33333333
74.5,13.5
82,12
80,12.33333333
69.5,14
65,13.5
67.33333333,12.66666667
76.5,11.5
81.5,10.5
88.66666667,9
94,10
94,10
93,9.666666667
90,9.5
93,8.5
92.66666667,8
90,8.5
90,9.5
81.66666667,10.66666667
72,12.5
65,13
54.66666667,14
51,15
49.5,16
42.33333333,17
48,17
46.5,17.5
42.66666667,17.66666667
46.5,17.5
53.5,16.5
56,15
63,14
63,14
62.66666667,13.33333333
77,12
77,12
74.66666667,12.66666667
77,13
79.5,12.5
81.66666667,12
88,12
85,12.5
80,13
79.5,13.5
74.5,14.5
62.66666667,16.33333333
56,18
52,19.5
48.33333333,19.66666667
46,21.5
43,22
39.66666667,22
46,22
46,22
45,21.33333333
54,19.5
70,16.5
70.33333333,15.66666667
72,16
77,15
78,14
91,11.5
91,11
90.66666667,11
88,12.5
79.5,15.5
70,17
58,20.5
47,22.5
36.66666667,24
33,26
30,27.5
24,28
26.5,28.5
29,27.5
27,27.33333333
34,26
54.5,20
53,18.66666667
70,17
74.5,16.5
70,16.33333333
77,16
77,16
77.33333333,15.66666667
85,14.5
85,14
85.66666667,14
91,13.5
94,13
93.33333333,13
91,12
91,11.5
88.66666667,12
82,13
82.5,12.5
85.33333333,11.33333333
85,11.5
85,12
76,12.33333333
67,13.5
63,13.5
58,13.33333333
69.5,12.5
74,11.5
78,10.33333333
84.5,9.5
90,8.5
91.66666667,8
93,8
93,8
92.33333333,7.333333333
96.5,8
90.5,10
86.33333333,11
72,13
59,14.5
51,15.66666667
45,16.5
41,17.5
35.66666667,18.33333333
40,19
36,19.5
32.33333333,19.33333333
37.5,19
39.5,18.5
40,17.33333333
48,15
61,13
59.33333333,11.66666667
62,11
66.5,10.5
67.33333333,9.333333333
76,8.5
81,8
81.66666667,8.333333333
82,9.5
79,10.5
69.66666667,12
53.5,15.5
46.5,17.5
37,18.33333333
34,20
33,20.5
24.66666667,21.66666667
25,22
24,23
20.66666667,23
26,23
28,22
27.33333333,21.33333333
44,18
52,16
56.33333333,14.66666667
77,13.5
82,13
84,12.33333333
85,12.5
91,11.5
87.33333333,11
91,11.5
85,13.5
74.66666667,15
60,18.5
49,20.5
40.66666667,21.66666667
41,23
38,24
36,24.66666667
41,25
39,26
35.66666667,26
44,25
45.5,25
44,23.66666667
56.5,21.5
62,20
64,19
68,18
72.5,17.5
71.66666667,16.66666667
79.5,15.5
79.5,15.5
82.66666667,14.66666667
85,15.5
79.5,17.5
71.33333333,19
62,21.5
51.5,23.5
48.66666667,24.33333333
46,26.5
45,27
38,28
39.5,28.5
37,29
32,29.33333333
35,29
39,27.5
38,27
45.5,25.5
50,24
46.66666667,23.33333333
55,22
76,19.5
85,18
91,17
88,17
87.33333333,16
88,16
88,15
87,15.33333333
85,16.5
78,19
73,20
66.5,22
64.5,22.5
61,23
65,23
67,23
63,23
67,23
78,21.5
84.33333333,20.66666667
91,19.5
91,19
90,18.66666667
94,17.5
94,17.5
93.33333333,17
91,17.5
94,16
92,16
94,16
88,17
90.33333333,17
88,18
85.5,19.5
79.66666667,20.33333333
67,22.5
73.5,21.5
73.33333333,20.66666667
80.5,21.5
80.5,20.5
81.66666667,20
85.5,18
94,16.5
91.66666667,15.66666667
91,14.5
91,13.5
90.33333333,13
91,12
88,12
89.33333333,12
88,12
88,12
88.33333333,12
91,12
94,12
84,12.66666667
85,13.5
82,14
75.66666667,14.66666667
72,16.5
70.5,18.5
66.33333333,19
73,19
68,19.5
65.66666667,20
70.5,19.5
75.5,19
78.66666667,18
94,15
94,13.5
91.33333333,12.66666667
91,11
91,11
92.33333333,11
91,11.5
88,12
86.33333333,11.66666667
88,11
82,11.5
78,11.66666667
65,13
59,13.5
52.33333333,14.66666667
53.5,15.5
55.5,15.5
47.66666667,16.33333333
46.5,17
50,17
40.33333333,18.33333333
46.5,17
46.5,17
48,16.33333333
53.5,15.5
59,14
56.33333333,13.33333333
60.5,13
69,11.5
76.33333333,10.33333333
79,10.5
82,10
82.33333333,9.666666667
84.5,10.5
79.5,11.5
71,12.66666667
67,14
55.5,15.5
51.33333333,15.66666667
50.5,17
41,18
39.66666667,17.33333333
37,17.5
38,18
32.33333333,18.66666667
34.5,18.5
35.5,18
32,17.66666667
43.5,16
49.5,15
57.33333333,14
77,13
77,13
75.66666667,12.33333333
85,11.5
88,11
91,11
94,11
85,12.5
78.33333333,13
77,13.5
77,14
70.66666667,14.66666667
59,17.5
49,18
51,17.66666667
68,16
88,13.5
83.66666667,13.66666667
91,12
94,10.5
88.33333333,11
87.5,10.5
90,9
91.66666667,7.666666667
93,8
93,7
92.33333333,7
93,7
93,7
92.33333333,6
93,7.5
90,8.5
90.66666667,9.333333333
85,11.5
79.5,12.5
73.66666667,13.33333333
67,15
59,15.5
58.33333333,15.33333333
59,16
55,16
55.33333333,15.66666667
53.5,16
53.5,15.5
49.66666667,15.33333333
63.5,13
79,10.5
79.66666667,10
79,10.5
90,8.5
86.33333333,8
90,7.5
93,7
88.66666667,6.666666667
93,7.5
82,10.5
70.33333333,12
53,14
48,15
39,15.66666667
39.5,17
40.5,16.5
39,17
43.5,17
45,18
40.66666667,18
46.5,17.5
52,17
50.33333333,17
61,15.5
63,15
60.33333333,14.66666667
65,14.5
61,15
60,14.66666667
69.5,14
77,13.5
80.66666667,13
82,13
79.5,13.5
77.66666667,14.33333333
79.5,15
77,16
75.66666667,16.33333333
75,17.5
70.5,18.5
63,19.66666667
66,20
66,20
64.66666667,20
80.5,18.5
75.5,19.5
76,19
80.5,18.5
82.5,17.5
79.66666667,17
88,15.5
85,16
86,15.33333333
88,15
91,14.5
87,14
88,14
88,14
82.33333333,14.66666667
79.5,16.5
77,17
73.33333333,17.66666667
68.5,19.5
62,20
59.33333333,20
60,20
58,21
54,21
54.5,21.5
58,21
60.33333333,20
72.5,17.5
72,16
71.33333333,16
85,13.5
85,14
87,13.66666667
91,14
88,15
87.66666667,15
88,16
85,16.5
81,17
75.5,19.5
73,20.5
67,21.33333333
66,21
57,22.5
50.66666667,22.66666667
50,22.5
50,22.5
47,22
53,21.5
53,21.5
52.33333333,21
62,19.5
72.5,17.5
81.33333333,15.66666667
85,14.5
88,15
85,15.33333333
79.5,16.5
77,17
82.33333333,16.33333333
82,16.5
79.5,17.5
77.66666667,18
78,19
85,16.5
89.66666667,15.66666667
82,17
75,17.5
67.33333333,18.66666667
62,20
82.5,15
82.66666667,15.66666667
70,16
67,15
58,15
61,14
63,13.5
64.33333333,12.66666667
72,12
72,12
74.33333333,11.33333333
84.5,10.5
84.5,10.5
90,9.333333333
87,10
77,12.5
69,13.33333333
59,15
57,16
55,16
55,17
54,18
51.66666667,18
65.5,16
72,15
70.33333333,15
79.5,14.5
82,14
78.33333333,14
82,14
77,15
76.66666667,14.33333333
85,14
85,15
80.66666667,15
77,15
79.5,14.5
81.66666667,14
82,13
77,13
74.33333333,13
72,14
72,14
68.33333333,14.33333333
67.5,15
75.5,14
84.33333333,12
75,15
72,15
66.66666667,16.33333333
63.5,15.5
63,16
62,15.33333333
67.5,14.5
77,13
77,12.66666667
77,13
77,13
76.33333333,12.66666667
88,11.5
94,11
88.66666667,11
88,11.5
94,11
88.66666667,11.66666667
85,13
74.5,14.5
67.66666667,14.66666667
65,15.5
63,16
57.66666667,16.33333333
74.5,15
80,14
88,12.66666667
82.5,15
61,16
54.66666667,15.66666667
61,14.5
63,14
62.33333333,13.33333333
72,12
74,11.5
72.33333333,11
82,10.5
84.5,9.5
84.5,9.5
82,11
85,11.5
85.33333333,12
94,12
91,13
88.66666667,13.66666667
94,14
94,14
90.66666667,14.66666667
88,16
91,16.5
92,16
88,17
85,17
80.33333333,17
79.5,16.5
82,16
81.66666667,15.66666667
94,15
94,15
93,15
94,15
94,15
93.33333333,15
94,15.5
94,16
87,16.66666667
82.5,17.5
75,18.5
69,18.66666667
72.5,18.5
68,19
64.66666667,20
68,20.5
64,21
63,20.33333333
60,20
56,20
56.33333333,19.33333333
72.5,17.5
70.5,17.5
71,17
85,15
88,15
86.33333333,15
88,15
85,15
84,15
79.5,15
72,16
67.33333333,16.66666667
68,17
72,16
79.5,14.5
82,14
88,14
81,14.66666667
72,16.5
61,17.5
61.33333333,17
63,17
61,17
52.66666667,17
61,16.5
72,15
69,15
69.5,15
69.5,14.5
72,13.66666667
77,13.5
82,13
80,13
82,13
79.5,13.5
76,14
72,15
63,15.5
56,16.33333333
55,17
54,18
54,18
61,16.5
59.5,16
69.66666667,15.33333333
66.5,17
55.5,17
47.33333333,16.66666667
53,15
63,14
63.33333333,13.66666667
74.5,12.5
77,12
82,12
82,12
85,11.5
90,11.33333333
91,11.5
88,12
84,12.33333333
74.5,14.5
67.5,15.5
68,15
70,14
69.5,13.5
61,15.66666667
52,17.5
48.5,17.5
47.33333333,17.33333333
46.5,17.5
48,17
47.33333333,16.66666667
59,15
74.5,13
70.33333333,13.33333333
69.5,13.5
77,12.5
72,12.66666667
69.5,13
77,12
83.66666667,11.33333333
94,11
94,11
94,11
94,11.5
94,12
88.66666667,12.66666667
91,13
91,13.5
85.66666667,14.66666667
88,15.5
88,16
82.66666667,16.66666667
82,17
85,17
82.66666667,17
88,17
88,16.5
87,16
88,16
88,16
88,16
88,16
91,15.5
92.33333333,15
88,16
88,16
87.66666667,16
91,16.5
88,17
85.66666667,17.33333333
83,19
78,21
70.66666667,22
69,23
71,23
64,23.66666667
67,24
65,24
63,23.66666667
78,21.5
83,20
81.66666667,19.33333333
83,19
85.5,18.5
89,17.66666667
97,16.5
97,16.5
91,16.66666667
91,17.5
80.5,19.5
76,21
69,23.5
63,25.5
59.33333333,27
54,28
49.5,29
47.33333333,29.33333333
46,31
41,31.5
39,32
37,32
48.5,30.5
51,29
56,27.5
71.5,25
72.66666667,23.66666667
73.5,23.5
83,22
76.66666667,22.66666667
78,21
85.5,20
81,20.33333333
78,22
73,23.5
66,24
69,25
63,26
59,26
63,26.5
60,28.5
52.66666667,29.66666667
49,31
50.5,32
40.66666667,32.66666667
67.5,25.5
83,21
82,20.33333333
85.5,20.5
91,19.5
92.66666667,19
94,19
91,19
87.33333333,19
94,19
91,18.5
92.33333333,17
97,15.5
94,15
94.66666667,15
94,15
91,14.5
85.66666667,15.66666667
70.5,18
68,18.5
56,19.33333333
54,19.5
56,19.5
52,19
49,18.5
45.5,18
52,17
65,15.5
77,14
79,13.33333333
88,13
85,12.5
89,12
94,11
94,11
96.33333333,10.33333333
94,11.5
88,14
84.66666667,14.33333333
79.5,15
59,16.5
52.66666667,17.66666667
49,18.5
50.5,18
45.33333333,18
52,17
63,15.5
64,15
79.5,14.5
79.5,14.5
73.66666667,15
67.5,15
72,13.5
71,12.66666667
79.5,12.5
88,12
86,12
85,12
85,11.5
86.33333333,11
88,11.5
82,13
79.33333333,13
88,12
74.5,15
63,15.66666667
68,16.5
48.5,17.5
43.66666667,18
43,19
49,18
45.33333333,18
53.5,16.5
52,17
59,15.5
65,14.5
80,12
81.33333333,11
84.5,10.5
87,10
89.33333333,9.666666667
90,9
93.5,9.5
89.66666667,9.333333333
90.5,10
82,12
79.66666667,12.33333333
74.5,13.5
65,14.5
62.66666667,14.33333333
59,16
59,16
53.5,16.5
50,17
52,17
46.66666667,17.33333333
48.5,17.5
52,17
51.33333333,16
65,14.5
74.5,12.5
74.66666667,11.66666667
82,11
84.5,10
86.33333333,9.666666667
93,9
87,9
87.66666667,9.333333333
93.5,9.5
82,12.5
77.33333333,13
74.5,14
65,15.5
57,16.33333333
55.5,17.5
50.5,18.5
48.33333333,19
49,19
49,19.5
45.33333333,19.66666667
52,19
50.5,19
50.33333333,18.33333333
70,15.5
74.5,13.5
75.33333333,12.66666667
82,11
82,11
83.66666667,10.66666667
90.5,10
93,9
92.33333333,9
97,9.5
94,10.5
82,13
74.5,14
67.5,14.5
62,15.66666667
59,17
57.5,18
52,19
49,20
47.5,21
44,21
49,21
49,21
62,20
66,18
70,16.5
72,15.33333333
82,14
82.5,13.5
83.66666667,12.66666667
88,12
88,12
92.33333333,11.66666667
100,11.5
85,14.5
78.66666667,16
66,18.5
60,20
54,21
50,22.5
48.5,23
42.66666667,23.66666667
42.5,25
34.5,25.5
28.33333333,26
39,26
45.5,24.5
50.66666667,23.33333333
58.5,21.5
62,20.5
60.66666667,20
68,20
64,20
68.66666667,18.66666667
74.5,17
79.5,16
79.33333333,15.33333333
82,16
79.5,16.5
73,17.33333333
64,18.5
64,18.5
62,19
72,18
85.5,17
77.33333333,17.33333333
77,16.5
66,19
53.33333333,20
49,20
49,20.5
52,19
72,17
77,15.5
78.66666667,15.66666667
82,15
82,15
79.66666667,15
82,15
85,14
83,13.66666667
85,13.5
72,14.5
62,16
54,18
49,19
46,19.33333333
46,20.5
49,19.5
43.66666667,20.33333333
46,20.5
46,21
40.66666667,21
44.5,21.5
47.5,20.5
43.33333333,20.33333333
63.5,17.5
68,16
58.66666667,17
85.5,14.5
91,13.5
89,13
85,14
85,14
85,13.33333333
85,13.5
77,15
73.66666667,15.66666667
70,16
63.5,17.5
59.33333333,17.33333333
57.5,18
54,19
50.5,19.5
46,20.5
46,20.5
44,20.33333333
75,17.5
64,19
60,19
68,18
64,18
68.66666667,17
77,15
77,15
69.66666667,16
70,16
85,15
87.66666667,14.66666667
94,14
91,15
85,16
82,16.5
88,16
81.33333333,16.66666667
77.5,18
62,19.5
57,20
54.5,20
54.5,20.5
49,20.33333333
50.5,20
47.5,20
46,19.66666667
57.5,17.5
72,15
74,14
85,12.5
85,12
83.66666667,11.66666667
88,11
94,10
90.33333333,10.33333333
88,12
85,13.5
82,14
77,15
65.5,16.5
57.33333333,17
56,19.5
52,20
50.33333333,20
47.5,21
51,21
47,20.33333333
54.5,20.5
54.5,20.5
60,19.5
68,18
70,17.5
67.66666667,17.33333333
85,16
85,16
81,16
88,15
88,15
88.66666667,15
82,15
85,15.5
78.66666667,16.33333333
68,18
64,19.5
59.33333333,20
60,20.5
54.5,21.5
49.33333333,22.33333333
48.5,23
50,23
49.33333333,22.66666667
50,23
51.5,22.5
54.66666667,21.66666667
70.5,19.5
70.5,18.5
70.33333333,17.66666667
79.5,16.5
79.5,15.5
79.66666667,15.33333333
88,14
85,14
85.33333333,13.66666667
91,13.5
88,15
79.66666667,16
70.5,18.5
64,20.5
60,21.33333333
59,23
57,23.5
57,23
62,22
73.5,21
78,20
85.5,19.5
85.5,18.5
86.66666667,17.66666667
88,17
82,16.5
84.33333333,15.66666667
88,15
94,15
93,15
94,14
91,14
93.66666667,13.33333333
94,13
94,13
94,13
88,14
91,14
88,14
79.5,14.5
85,14
85.66666667,14
85,14
82,14
79.66666667,14
69.5,15
82.5,13.5
85.33333333,13.33333333
79.5,13.5
82,13
84,13
88,13
88,13
84,13
85,13
82,13
84.33333333,12.33333333
85,12.5
79.5,13
84.33333333,12.66666667
91,12.5
88,13
87.66666667,13.33333333
85,13.5
88,13
88.66666667,13
88,13
82,14
82.66666667,13.66666667
88,13
88,13
88,13
91,12.5
94,12
88,12.66666667
88,13
82,14
81,14
88,13
88,12.5
87,12
88,12
88,12.5
79.5,14.5
72,15.5
61,17.5
52.66666667,19
54.5,20.5
47.5,21
41,21.33333333
43,22
42,22.5
35.33333333,22.33333333
42,22.5
46,22
52.66666667,20.66666667
70,18
66,17.5
79.5,16
79.5,15.5
82.5,14
88,13
88,13
88,13.5
82,14
88,13.5
77,15
66,17
61.5,18
62,19.5
53,21.5
53,21.5
56,21
58,20.5
58,20
81,16.5
87.66666667,15.66666667
94,16
94,16
88,16
94,16
94,15
96,15
88,15.5
94,14
94,14
94,14
91,14
89.66666667,13.66666667
94,13
88,14
83,14.33333333
77,15
72.5,15.5
62.33333333,16.66666667
68,16
61.5,18
57,18
54,18.5
54,18
67,16.66666667
72,16
68,17
68.33333333,16.33333333
74.5,15.5
77,15
75.33333333,15
79.5,14.5
82,14
82,14
82,14
85,14
81.33333333,14
82,14
82,14
79.33333333,14
82,14
85,14
82,14.5
79.5,15
74.5,15.5
63.5,17.5
61,17.5
74.5,16
66.33333333,16.66666667
65.5,16
65.5,16.5
66.66666667,15.33333333
74.5,14.5
77,14
71.66666667,14
74.5,14
82,13
85.33333333,12.33333333
91,11.5
94,11
92.66666667,11
91,11.5
88,13
78,14
70,16
68,16
63.33333333,17
64,18
66,17.5
69.66666667,16.66666667
82,16
82,16
79.66666667,16
85,15.5
88,15
93.33333333,15
91,14.5
97,14
93.33333333,14.66666667
94,14
94,14
92.66666667,14
91,14
94,13
91.66666667,13
94,13
88,14.5
82.33333333,15.33333333
85,15.5
82,16
85,15.66666667
82,16
79.5,17
74.33333333,18
66,19.5
75,16.5
80.66666667,16
79.5,16.5
82,16
81,16
94,15
88,15
94,14
94,13
94,12.5
93.33333333,12
97,12
94,12
98.33333333,11.66666667
97,11
100,12.5
96,13.66666667
91,15.5
77,17.5
70,18
64,19
60,20
53,20.66666667
66,19.5
70.5,18.5
70.66666667,18.66666667
72.5,18.5
68,18.5
68.66666667,17.33333333
79.5,16.5
88,15.5
91.66666667,15
88,15
88,15
88.66666667,14.66666667
88,15
91,14.5
92.66666667,14
94,14
94,14
94,13.66666667
97,12.5
91,13.5
85,14.33333333
79.5,15
77,15
69.66666667,15
72,15.5
63,16
60,16.33333333
61,16
61,15.5
63.33333333,14.66666667
74.5,13.5
82,12
80,12
79.5,11.5
82,11
86.33333333,10.33333333
85,11
85,11
86.66666667,11
85,11.5
85,12
90.66666667,11.66666667
94,12
88,12
83.66666667,12.33333333
79.5,13.5
72,15
64.66666667,15
74.5,15
59,15.5
52.33333333,16
59,15
63,14
62.66666667,13.66666667
76.5,11.5
77,12
76.33333333,12
88,11
82.5,11.5
77.33333333,12
88,12
91,12.5
90.66666667,12.33333333
88,13
85,13.5
81.33333333,13.66666667
77,14
77,14
74,14.33333333
69.5,15
72,15
72,15
59,17
50.5,18
45.66666667,17.66666667
51.5,17
55,17
55.33333333,16.33333333
67.5,14
88,11
82.66666667,10.66666667
87,10
87,10
85.33333333,10
90.5,10.5
91,12
92.33333333,11.33333333
94,12
94,13
89.33333333,14
88,15
79.5,17
69.33333333,18.33333333
62,19
58,19
53.66666667,19.66666667
56,21
56,21
51,20.66666667
62,19.5
79.5,17
74,16.66666667
85,16
82,16
85,15.33333333
88,14.5
85,14
86.66666667,13
94,12
88,13
87.33333333,13
88,13
82,14
85,14
88,14
82,15
79,15.33333333
77,16
82.5,15.5
84.66666667,15.33333333
74.5,16.5
72,17
69.66666667,17
79.5,16
79.5,16
81.33333333,15.66666667
88,15
91,14.5
94.66666667,14
94,14
94,14
95,14
94,14
94,14
93.33333333,14
94,14
91,14.5
88,14.66666667
85,15.5
79.5,16.5
72,17
68,18
66,18.5
66,18.5
64,19
66,19
61.33333333,19
64,19.5
64,19.5
64.66666667,19
77.5,17.5
82,17
81.33333333,17
85,16.5
88,16
91,15.66666667
94,15
94,15
91.66666667,14.66666667
94,15
94,15
90.66666667,15.66666667
88,17
88,17
84.66666667,17.33333333
85.5,17.5
85.5,18
80,19
73,20
70.5,21
65,21.33333333
75.5,20.5
78,20
79,19.33333333
83,18
88,17
88,17
88,17
94,16
96.33333333,15.33333333
94,15
94,15
93.66666667,15
94,15
94,15
88,15
79.5,16
72,17
68.33333333,17.33333333
70,17.5
72.5,17.5
69.33333333,17.66666667
66,18
68,17.5
61.66666667,18.33333333
64,18
72,17
70.66666667,16.66666667
79.5,15.5
85,14.5
84,14
91,12.5
88,13
88,13
91,13
94,13
93.33333333,13
91,13
94,13
89.33333333,13
94,13
88,13.5
79.33333333,14.33333333
79.5,14.5
79.5,14.5
71,15
72,15
72,15
72,15
77,15
74.5,15
71.66666667,15
82,14
79.5,14
81,13.66666667
88,13
88,13
85.33333333,13
88,13
88,13
87.66666667,13
88,13
88,13
83.66666667,13.33333333
72,14.5
59,15
56.33333333,15
61,16
59,16
53.5,17
54,18
50.5,18.5
48,19
54,18.5
57.5,17.5
63.5,16.5
65,15.5
79.5,13
79.33333333,12
82,12
88,11
89,10.33333333
90.5,10
90,9.5
92.33333333,9.333333333
93,9
94,11
81.33333333,13
72.5,15.5
63.5,17.5
54.66666667,18.33333333
56,19
56,20
46.66666667,20.66666667
49.5,21.5
50,22
45.66666667,22
48,22
51.5,21.5
49.33333333,20.66666667
66,18.5
70,17.5
75.33333333,16.33333333
77,16
79.5,15.5
80.33333333,15
79.5,15.5
94,12.5
91.33333333,12.66666667
88,13.5
88,16
78.66666667,18
66,20.5
60.5,22.5
50,24.5
47,25
44,26
38,26.5
36,27.5
33.5,28
34,28.5
37,28
43.5,27
50.5,25
57,23.5
64.5,22
64.66666667,21
70.5,20.5
73,20
76.66666667,19.33333333
88,18
88,18
88,18
88,18
91,18
90.33333333,18.33333333
88,18.5
94,19
93.66666667,19
94,19
85.5,20
88,20
91,19.5
88,19.5
85.66666667,20
80.5,20.5
83,21
86.33333333,20
94,18.5
100,17
94.33333333,17
94,17
94,16.5
94,17
88,16.5
88,16
91.66666667,15.33333333
88,15
88,15.5
80,17
75,19
66,21.5
61.33333333,22
59,23.5
54,25
46.66666667,25.33333333
49.5,26.5
52.5,25.5
57.66666667,24
80.5,20.5
88,19
89.33333333,19
94,18
94,18
92.33333333,18
94,18
88.5,18
82.33333333,17
91,15.5
91,15
90.66666667,15
94,15
94,15
84.66666667,15.66666667
79.5,17
75,18
73.66666667,18
72.5,18.5
70.5,19.5
65.66666667,20.33333333
68,20
66,20.5
64,20.66666667
66,21
73,20
70.66666667,19.66666667
85.5,17.5
88,17
89.33333333,16.66666667
94,16.5
94,17
95.33333333,16.66666667
97,16
94,16.5
92.66666667,16
94,16
94,17
90.33333333,18
83,20
80.5,20.5
77.66666667,21.33333333
75.5,21.5
78,21
70,22
75.5,22
71,22.5
64.5,22.5
76,20.5
91,18
91.66666667,17
94,15
91,15
91.66666667,14.33333333
91,14
88,14
87.33333333,14
94,13
91,13
88.33333333,13
88,13
91,13.5
84.66666667,14.33333333
82,15
77,15.5
66.66666667,17
63,17
55.5,18.5
47.33333333,19.33333333
46,20
52,19.5
48,20
49,20
54,19
54,18.5
63.5,16.5
68,16
67.66666667,15.33333333
65.5,16
91,13.5
92.33333333,13
94,12.5
91,12.5
92.66666667,12
91,12.5
88,13
88.33333333,13
82,13.5
85,13.5
86.33333333,13.66666667
77,16
68,17
67.33333333,17.33333333
66,17
68,18
63.66666667,17
85,13.5
82,14
83,14
88,14
82,15
78,15
82,15
88,14
84.66666667,14
88,14
88,14
86.66666667,14
94,13.5
88,14
83.66666667,14
77,15
79.5,14
71,14.66666667
77,14.5
69.5,15.5
62.66666667,15.66666667
53.5,16.5
63,15.5
57,16
59,16
59,15
61.33333333,14.66666667
72,13
74.5,12.5
75.66666667,11.66666667
82,11.5
82,12
80.33333333,12
88,11
87.5,10.5
90,9.333333333
90,9.5
85,11.5
75.33333333,13
70,15.5
59,17.5
51.66666667,18.33333333
50.5,19
49,19.5
42.33333333,20.66666667
43,21
43,21
39,21
44.5,21
47.5,20.5
49,20
50.5,19.5
57.5,18.5
61.5,18
61,17.5
57,17
56.66666667,16
67.5,15.5
72,15
68,15.33333333
72,15
68,16
60.33333333,16
57.5,18
49,19
42,21.5
33,22
33,23
33.5,23.5
35,23.5
31.5,24.5
30,24
37,22.5
51,21
58.33333333,19.33333333
94,16
91,16.5
88,16.66666667
88,17
88,17
87.33333333,17
88,17
88,17
87.33333333,16.66666667
88,17
94,16
92.33333333,16
88,17
88,17.5
83,18.33333333
80.5,19
73,19.5
64.66666667,20
68,19.5
66,20.5
67.66666667,20
75.5,19
75.5,19
76,18.66666667
80,18
83,18
85,17.66666667
91,17
91,16
87.66666667,16.33333333
85,16.5
91,16
87.66666667,16
91,16
91,16.5
86,17.33333333
77.5,18.5
78,18.5
76.66666667,18.66666667
85.5,19
85.5,18.5
84.66666667,18.33333333
85.5,19
94,18
90.33333333,18.33333333
88,19
88,19
89,18.66666667
88,18
88,18
92.66666667,18
91,18
97,17.5
98.66666667,17
100,17
94,16.5
96,15.33333333
94,15
97,14.5
94.66666667,15
94,15
88,16
85.33333333,16.33333333
82,17
80,18
75.5,19
73,19.5
70.5,19
77,18
68,19
68,19
70.66666667,18.33333333
79.5,16.5
82,16
87.33333333,14.66666667
82,15
79.5,14.5
88,13
91,12
88,12
89.66666667,12
94,12
88,13
85.66666667,14
79.5,16.5
77,17
75.33333333,17.66666667
70.5,19.5
58.5,20
56.33333333,19.66666667
58,20
53,20
46.33333333,20
52,19
54,18.5
57,17.33333333
63.5,16
82,14
80,14
82,14
79.5,14
75.33333333,14
82,14
79.5,14
82,14
88,14
85,14
78.33333333,15
61,17
65.5,17
57.66666667,18
54,19.5
52,20
44.66666667,20.33333333
44.5,21.5
47.5,21.5
45,21.33333333
51.5,21.5
54.5,21.5
61,20.33333333
66,19.5
73,18.5
74,17.33333333
72.5,17
74.5,16
75,15.66666667
77,15
91,13.5
90.66666667,13.33333333
94,14
91,14.5
85,16
77,17
77,17.5
67.33333333,18.66666667
68,19.5
64,21.5
60,21.33333333
58.5,22.5
57,23
52.33333333,23
55,23
58.5,22
63.33333333,21.33333333
73,20
73,18.5
70.33333333,17.33333333
77,17
82,16
78.33333333,16
79.5,15
85,14
83,13.66666667
82,14
88,14
84,14.33333333
79.5,15.5
82,16.5
79.33333333,17.33333333
78,19
73,20.5
67,22
63,24.5
71.5,23
84,19.33333333
94,18
94,18
94,18.5
94,19
94,19
93.33333333,19
94,19
94,19
94,18.66666667
91,18
94,17
89.66666667,17
94,15.5
91,15
87.66666667,15
82,16
79.5,16.5
72,17.33333333
70,17.5
73,18
66,18.33333333
58,19.5
54,19.5
51.66666667,19.33333333
54,20
60,19
61.66666667,18
72.5,16
78,15.5
84.33333333,14.66666667
85,14
85,13.5
89.66666667,13.33333333
94,13
88,13
92,12.33333333
91,12.5
88,13.5
85,15
72.5,17.5
68,19
61.66666667,20
58.5,21.5
56.5,21.5
50,23.5
48.5,24
41,25
38.66666667,25
44,25
55,23.5
58.33333333,22
66,20.5
70.5,19.5
71.33333333,18.66666667
77,17.5
73,18
69.66666667,18
77,17
72.5,17.5
64,18.33333333
70.5,19
80.5,19
82,20
78,22.5
63,25.5
57.33333333,27
54,28
52.5,28.5
56.33333333,27.66666667
67,26.5
70,27
65.66666667,26.66666667
69,26
69,24.5
67,23.66666667
71,22.5
73,20.5
64,19.66666667
68,19
73,18
77,17
85,15.5
88,15.5
87,16
88,16
91,16
91.66666667,16
88,17
88,17
90.66666667,17
88,17.5
91,17.5
82,18.33333333
68,21
66,21
68.66666667,21
85.5,19.5
88,19
90,18.66666667
91,17.5
88,17
89.66666667,16.66666667
94,17
94,16
94,16.66666667
94,17
97,16.5
98.33333333,16
100,16
94,17
93.66666667,17
88,17.5
94,16
94,17
94,18
88.5,20.5
78.66666667,22.33333333
73.5,24.5
67,25
59.66666667,25
65,24
69,23.5
73.33333333,22
83,21
75.5,21.5
83.33333333,20
88,19
94,18
90.66666667,18
94,18
94,17.5
93.33333333,17.33333333
91,17.5
91,18
85.66666667,18.66666667
78,19.5
75.5,19.5
79,19.33333333
80.5,19
70.5,20
65,20.33333333
62,21
62,21.5
60,21
68.5,19.5
73,18
70.33333333,17.66666667
79.5,16.5
91,14.5
89.33333333,13.66666667
94,13
88,13
89,12.66666667
88,13.5
91,13.5
93.33333333,13.33333333
88,14
91,14
87.33333333,14.66666667
82.5,18
75.5,20.5
62,22
14.5,23.5
37,24
43.33333333,23.66666667
63,24
63,23.5
64.33333333,22.33333333
69,22
66,21.5
66,20.5
73,19.5
77.5,18.5
80.66666667,18.33333333
85.5,17.5
88,17
88,17
94,17
94,17
66.33333333,16.66666667
52.5,18.5
94,17.5
92,18
88,19
88,18
88,18.5
88,19
83,19
78,19
80,18
75,18.5
75,18.33333333
75,18
77,17
74.5,17
82,16
79.5,16
79.66666667,15.33333333
85,15
82,15
81.33333333,15
82,15
88,14
83.66666667,14
85,13.5
88,13
84.33333333,13.33333333
82,15
72.5,16.5
68,16.33333333
70,16.5
72,16
77,15.5
70,17
61.5,18
59.66666667,17.66666667
69.5,15.5
75,14.5
78.33333333,13
82,12.5
79.5,13.5
71.33333333,14
74.5,13.5
82,13
79.33333333,13
82,13
82,13
84,12.33333333
85,12.5
82,13
80.66666667,13
79.5,14
77,15
71,15.66666667
68,16
68,16
66,16
72.5,16
77,15
83.66666667,14.33333333
85,14
82.5,14.5
82.33333333,13.66666667
91,13
85,13.5
80.66666667,13
82,13
85,12.5
82.66666667,12.66666667
88,12
88,12
86.66666667,12
88,12
88,12
84.66666667,12.33333333
79.5,13.5
74.5,14.5
65.33333333,15
61,15.5
53.5,16
53.5,17
53.5,16
48,17
48.33333333,16.66666667
53.5,15.5
57,15
60,14
65,13.5
67.5,13.5
68,13
77,12
77,12
75.66666667,12
79.5,12
82,12
82,11.66666667
88,11
82,12
80.66666667,12
79.5,13
74.5,14
67.66666667,14.33333333
61,15.5
59,15.5
55.66666667,16
63,16
67,15
64,15
67,15
63,15
65,14
82,12.5
82.5,11.5
87,10.33333333
87,10
93,9
93,9
93,8.5
93,8
93,8
93,8
90,9
86,10.66666667
77,13.5
61,16
60.66666667,16
63,17
63.5,17.5
54.66666667,18
59.5,18.5
64,18
59,18
68,17.5
77,15.5
77,15.33333333
91,13
85,13.5
84.33333333,12.33333333
88,12
91,11
92.33333333,10.33333333
90.5,10
90,9.5
92,9
93,9
93,9
93.66666667,9.666666667
88,12
74.5,14.5
70,15.33333333
68,17
64,18
56,18.66666667
58,19.5
56,20
52.66666667,20
58,20
68.5,18.5
70,17.33333333
77,16
79.5,15
78.33333333,14.66666667
85,13.5
85,13
83,12.66666667
88,12
91,11.5
90.66666667,11
94,11
91,11.5
85.66666667,13.33333333
77.5,17
73,20.5
67,22
59,24.5
57,25
52,25.66666667
52.5,26
54,26.5
52.66666667,25.66666667
59,25.5
67,24
68,23
78,21.5
83,20
87.66666667,19
94,17.5
97,17
93.66666667,17
94,17
94,17
93.33333333,17
94,17
91,17.5
83.66666667,19
75.5,21.5
63,24.5
58.66666667,25.33333333
57.5,27
52.5,27.5
47,27.66666667
46.5,29
45,29
42.33333333,28.66666667
48,28
54,26.5
63,24.5
71,23
69,23
71.66666667,22.33333333
91,19
94,18
93.66666667,18
94,18
94,18
93,18
94,18
94,18
91,17.66666667
94,17
85.5,18
79.66666667,18.66666667
83,19
80.5,19.5
73.5,21.5
73,21
73,21.5
69,21.33333333
64,21.5
73,20
75,19
83,18
83,18
83,16.33333333
82,14
88,13
88.66666667,12.66666667
94,12
88,12
88,12
88,12.5
88,13
86,13.33333333
91,13.5
82,15
72.33333333,15.66666667
61,17
57.5,18
82.5,14
72.5,16.5
68,17.5
55,18
57.5,17.5
57,17
59,15.66666667
69.5,15
72,15
67,15
67,15
67.5,14.5
67.33333333,14
67,14
74.5,14
75.33333333,13.66666667
82,13
82,13
74.66666667,14
74.5,14.5
72,15.5
70,16.5
64,18
70,17
68,17
77,17
82,16
77.66666667,16.33333333
85,16
88,16
87,16
88,15.5
88,15
91,15
85,16
85,15
83.33333333,14
85,14
82,14
77.66666667,14
82,13
82,13
79,13.33333333
77,14.5
72,15
67.33333333,15.33333333
63,16
63.5,16.5
69,15.66666667
67.5,16.5
70,16
61,16.66666667
61,16.5
63,16
64,15.33333333
72,15
74.5,14.5
79.66666667,14
82,14
88,13
86,13
88,13
94,13
90.66666667,13
94,13
88,13
86.66666667,13
82,14
88,14
86.33333333,14
85,14.5
82,15
81.33333333,14.66666667
94,14
94,14
93.33333333,14
94,14
94,14
88.66666667,14.66666667
100,14
94,15
93.66666667,15
94,15
97,15
94,16
94,16
94,16
93,16
94,16
91,17
95,16.33333333
91,17.5
85.5,18.5
88.66666667,18.33333333
88,19
85.5,19.5
83,20
83,20.5
80.5,21
77.66666667,21
78,21
78,21
82,20
94,18
91,17.5
93,17
94,17
94,18
92.66666667,18
91,18.5
91,18.5
88.33333333,18.66666667
94,18
94,18
88.33333333,19
85.5,20.5
75.5,22.5
70.33333333,23.33333333
71,24.5
67,25.5
63.66666667,26.33333333
61,27
63.5,27.5
61,27
63,26.5
69,25.5
66.33333333,25
73,24
75.5,22.5
82,20
88.5,18.5
83,19.5
78,20
75.5,19
83,18
82,17
88,16
88,16.5
84.66666667,16.66666667
79.5,17.5
73,18.5
70.66666667,19
73,19
68,19
71.66666667,18.33333333
83,18
85.5,17
87.66666667,16.33333333
88,16
94,14.5
89.66666667,14
88,15
94,14
90.66666667,14
91,14
88,14
87.33333333,14
91,13
88,14
86.33333333,14
85,14.5
82,15
78.33333333,15.33333333
77,16
70,17.5
71.33333333,17.33333333
77,18
77,18
75,18.66666667
80.5,19
75.5,20.5
74.66666667,20.66666667
73,21
70.5,20.5
72,19
73,18
77,17
75.66666667,16.66666667
77,16
82,15
79.66666667,15
82,14
82.66666667,13.66666667
88,13
82,14
79.33333333,14.33333333
77,15
72,16
68,17
61,17.5
61.5,18
62,17.66666667
59.5,18.5
61.5,18
57.5,18
59,18
59,17
58.33333333,16.33333333
63,16
67,15
70.66666667,14.33333333
79.5,13.5
82,13
76.66666667,13
77,12.5
79.5,11.5
80,11
82,11
82,11
79,11.33333333
74.5,12.5
69.5,14
61.33333333,15
63,15.5
61,16
56,16.33333333
55.5,17.5
50.5,18
46.33333333,17.66666667
49,18
55,17
60.66666667,16
74.5,14.5
82.5,13.5
84.33333333,13
91,12
94,12
92,12
94,12
94,12
94,11
94,10
90.5,10.5
90.33333333,11.66666667
88,13
85,14
80.33333333,15.33333333
72,16
65.5,17
58.33333333,17.66666667
52,19
54,19
53.66666667,18
67.5,16.5
65.5,16
69,15
79.5,13.5
82,12.5
85,12
88,11.5
94,10
94.33333333,10
94,10
94,10
92.66666667,9.333333333
93,9
93,8.5
91,10
88,12.5
77,15
66,16
70,16
70,17
66,18
60,19
60,19.5
59,20
66,19.5
70.5,18.5
72,18
77,18
79.5,17.5
78.33333333,17
79.5,16
82,15
81,14.33333333
88,14
82,14
84,13.66666667
88,13
88,13
84.66666667,13.33333333
82.5,14.5
79.5,15
74,15.33333333
72,16
70,16
64.66666667,16
68,16
68,16
65.33333333,16
68,16
74.5,15.5
74.66666667,15
77,15
77,15
78.33333333,13.66666667
91,11.5
94,11
92.66666667,11
94,11
94,11
87,11
88,11
87.5,10.5
84.33333333,10.66666667
85,11.5
79.5,12.5
70.33333333,13
69.5,13.5
67,14
65,14.5
79.5,13.5
85,13
81,13
82,12.5
94,11
92.33333333,11
88,11
94,11
93.66666667,11
52.5,11
94,11
93.33333333,11
94,11
94,10
95,9.666666667
93.5,9.5
94,10
92,10.33333333
88,12
82,13.5
69.5,15
65,15.5
63,16.5
61.33333333,16.66666667
63,16.5
59,17
56.66666667,17
65.5,16
67.5,15
75.33333333,13
82,12
85,11.5
88,11
88,11
88,11.5
87.66666667,12.33333333
85,13.5
88,13
90.33333333,13
94,13
94,13
91.33333333,13.33333333
85,15
82,15.5
77,16
67.5,16.5
61,17.5
61.5,18
66,17.5
65.5,17
60.66666667,17
70,16
72,16
72.66666667,15.33333333
77,15
77,15
77,14.33333333
82,14
85,14
80,14
79.5,14
82.5,13.5
84.33333333,13
82,14
79.5,14
79.66666667,14
77,15
77,15
69.66666667,15.66666667
68,17
61,17.5
63.5,17.5
64,18
66,18
65,18
70,17.5
77,17
76.33333333,16.66666667
82,16
82,16
80.33333333,16
82.5,15
77,15
79,14
82,13
85,12.5
86,12
88,12
85,12.5
88,13
82,14
77,15
72,15.66666667
72,16
68,17
66.33333333,16.66666667
74.5,16.5
70,17
68.33333333,16.66666667
79.5,15.5
82,15
78.66666667,15
88,14
91,14
90.33333333,13.33333333
91,12
94,11.5
92,10.66666667
97,10
97,10
95.33333333,10
100,10
94,11
96,11
94,12
97,12
91.33333333,13
77,15.5
70,16.5
61.66666667,16.66666667
66,17.5
57.5,18
57,17.66666667
74.5,16
77,15
85,13.5
88,12.5
88,12
84,12.33333333
91,11
88,11
94,10
93,9
93,9
92.33333333,8.333333333
93,8
93,8.5
88.33333333,10
85,12.5
70,15.5
65.33333333,17
60,19
49,20
54.5,20.5
51,21
53,21
55,20.33333333
70.5,18.5
68,17
68,16.33333333
82.5,14
88,13
89.33333333,12.33333333
88,12
94,11
88.33333333,11.33333333
91,11.5
88,12
87,12
91,10.5
94,10.5
88.33333333,11.66666667
82,14.5
70,17.5
61.33333333,19
58,21
53,22
49,22.33333333
51.5,23
51.5,23
47.33333333,23
60.5,21.5
70.5,19.5
73.66666667,18
82,16
77,17
85,15.5
85,15.5
79.5,16.5
81.66666667,15.66666667
82,16
85,15.5
85,15
88,15
88,15
85.33333333,15.33333333
79.5,17.5
70.5,19.5
63,20.66666667
62,22
56.5,22.5
49,23.33333333
50,23.5
51.5,23.5
49.66666667,23
57,22
62,21
72,19.33333333
83,18
85.5,17.5
89,16.66666667
91,16.5
91,16.5
91.33333333,16
91,15.5
91,15.5
93,15
94,15.5
100,14
94,15.5
91,16.5
85.5,18
79,19
78,20
70.5,21
66,21.5
66.5,22
66,21.5
64,21
73,20.5
80.5,18.5
82.66666667,17.66666667
88,16.5
88,16
89.33333333,15.66666667
94,14
94,13.5
99.33333333,13
97,13
97,11
99.33333333,10.66666667
100,11
100,10
94,11
94,14.5
85.5,17.5
78.66666667,19
68.5,21.5
61,23.5
53.33333333,24
53.5,25
55.5,24.5
55.33333333,24
64.5,22.5
68.5,21
69.33333333,20
78,19
78,19
82.33333333,17.66666667
88,17
82.5,17.5
84.66666667,16
91,14
94,13
91,13.33333333
91,14
88,14
91.66666667,14
79.5,17.5
73,19.5
65,21
60.5,23
51.5,24.5
43,25.66666667
44,26
39,26
41,25.66666667
59,23
62.5,22
64.66666667,20.66666667
75.5,19
83,18
78,18
73,18
77,17
75.66666667,16
88,13
91,12.5
91.33333333,12
88,12.5
91,11.5
86,13.33333333
74.5,16.5
70.5,18.5
63,20
60,22
59,23.5
52,24.33333333
50,25
48.5,25.5
45.33333333,25.33333333
55,23.5
66,20.5
72,19
85,17
88,16
89,15.66666667
91,15
91,14.5
89.33333333,14.33333333
91,14
91,13.5
92.66666667,12.66666667
91,13
91,12.5
91.33333333,12.66666667
85.5,17
75.5,20.5
66.33333333,21.66666667
62.5,23
59,24
50.66666667,24.33333333
47,25.5
52,25.5
60,24
61,23
62,21.5
71,19.33333333
82,17
85,15.5
87.66666667,15
91,14
88,14
91.66666667,13.33333333
88,13.5
94,12
91.66666667,12.33333333
94,12
94,12
93.66666667,12.33333333
88,16
70.5,20
63,21.66666667
61,23.5
53.5,24
43,24.66666667
51.5,24
50,24.5
52.66666667,23.33333333
55,22
66,19.5
70.33333333,17
79.5,16
79.5,15.5
79.66666667,15
82,14.5
79.5,15
79.66666667,14.33333333
85,13.5
85,13.5
85,13.5
88,13
88,13
79.66666667,14
72.5,17
64,19.5
56.33333333,21
53,23
48.5,24
39.66666667,24.66666667
41,25
41,25
39.33333333,24.66666667
53.5,22.5
66,19.5
64,19
70.5,18
72,17
66,17
57.5,18.5
61,17.5
64.33333333,16.66666667
68,16
68,16
68,16
77,15.5
91,15
93.66666667,15
94,15.5
94,16
85,17
88,16.5
75,18
70.33333333,18
68,19
68,18.5
66.33333333,18
73,18
70.5,18
69.66666667,18
77,17
77,17
79,16.33333333
85,16
88,16
86,16
88,16
88,16
88,16
88,16
88,16
86,16
88,16
79.5,17
77,17
85,16.5
82,17
85,16.66666667
77,18
70.5,18
66.33333333,17.66666667
72,17
74.5,17
79.5,16.5
82,16
79.5,16.5
77.66666667,16
77,16
74.5,17
70.33333333,17
72,17
72,17
72.33333333,16.33333333
82.5,15.5
88,15
85,15.33333333
85,16
88,16
90.33333333,15
79.5,13.5
65,15
54.33333333,14.66666667
55,14
57,14
54,13.33333333
54,12.5
56,11.5
62,11
68.5,10
68.5,10
67,10
71,10
79,9
76,9.333333333
71,10
41.5,8.5
79,8.666666667
82,9
82,9
55.66666667,9
82,9
76,10.5
64.66666667,12
58,12.5
56.5,13.5
51.66666667,13.66666667
57,14
63,13
59,13
64.5,12
79,10
81.33333333,10
87,9.5
82,10
82,9.5
82,9
87,9
82.66666667,9.333333333
87,9
87,9
85.66666667,9
87,9
87,9
86.33333333,9
90,9
87,9
85,9
87,9
87,9
87,9.333333333
84.5,10
87,10
87,9.333333333
93,9
93,9
90,9.5
90,9.5
90,9.5
89,10
94,10
94,10
92.33333333,10
94,10
94,10
93.66666667,10
94,10
94,10
92.33333333,10.33333333
94,10
87,10
88,10.33333333
91,11.5
88,12
94,12
91,12
94,12
90.33333333,12.33333333
94,13
94,14
92.33333333,14.66666667
88,16
88,16
86.66666667,16
88,16
88,16
87,16
91,16
88,16
87,16
88,16
88,16
84,16
88,16
82,17
77.66666667,17.33333333
75,18
75,18
69,18
70.5,18.5
75,17.5
74.33333333,17
72,17
79.5,16
79.5,16
77,16
82,16
79.33333333,16
82,16
82,16
80,16
77,16
79.5,15.5
78.66666667,15.33333333
82,15
82,15
90.66666667,14.33333333
94,14
88,15
82,16
82,16
85,16
79.66666667,16.33333333
79.5,16.5
77,16.5
76,16
77,16
77,16
79.33333333,15.66666667
82,15
85,15
85.66666667,15
88,15
88,15
86.33333333,15
88,15
88,15
87,15
88,15
88,15
88.66666667,15
88,15
88,15
87.33333333,15
85,15.5
82,16
72.33333333,16
74.5,16
82.5,15
91,14.5
88,15
88,15
87,15
88,15
85,14.5
88.33333333,14
94,14
97,12.5
94.33333333,12
97,11.5
97,11
95,10.66666667
94,10
94,10
95,10
91,10.5
91,11.5
87.33333333,12
74.5,13
65,14
63,13.5
60.5,13
57,14
59.66666667,13
73.5,10.5
76,10
76,9
78.5,8.5
81,8
82.66666667,7.333333333
81,7
84,6.5
88.33333333,5.333333333
90,5
93,4.5
92,4
96.5,3
93,3
94.33333333,3.333333333
93,5.5
87,7.5
78.66666667,9.666666667
64.5,12
51,13.5
45.66666667,14
55,14
53,14
50,13.66666667
60,11.5
64,10
65,9.333333333
73.5,8
76,7
78.33333333,6.333333333
84,5.5
87,5
84,4.666666667
84,4.5
84,3.5
82.66666667,3.666666667
87,3
90,2
88.66666667,2
90,4
81,6.5
69,8.666666667
54.5,11.5
47,12.5
42.33333333,13.33333333
46,14
49.5,14
49.33333333,13.66666667
56,12
64,10.5
67.33333333,9.666666667
78.5,8
81,7
75,7.333333333
66,8
63.5,6.5
71,4.333333333
87,3
81,3.5
78.66666667,3
81,3.5
78,4
74.33333333,4.666666667
70.5,6.5
66,8.5
61.33333333,10
62.5,12.5
61,13.5
53.66666667,14.66666667
57,15.5
57,15.5
54.66666667,15
71.5,12
81.5,10
85,9
93,8
90,7.5
92,7
93,7
90,8
89,8.666666667
90,9
93,8.5
93,7.5
90,8.5
93,9
87.66666667,9
90.5,10
91,11
90,11.66666667
88,13
85,13.5
79.33333333,14.33333333
70,16
74.5,15
70.33333333,15
77,14
77,14
75.33333333,14
82,13
85,12
80.33333333,12
82,12
82,12
75.66666667,12.33333333
79.5,12.5
79.5,12.5
76,12.66666667
79.5,12.5
77,13
77,13
90,9.5
90,8.5
88.66666667,8
87,8
84.5,8.5
82,8.666666667
79,9.5
79,10
74.66666667,10
79,9.5
79,9.5
79,9
82,9
82,9.5
76,9.333333333
76,9
76,9
75,8.666666667
81,8
78.5,8
75.33333333,8
87,7
84,7
85.33333333,7
81,8
79,9
90,8.5
84.5,9
71.5,11
70.33333333,10.66666667
66.5,10.5
73.5,10
65,9.666666667
68.5,8.5
73.5,7.5
74.33333333,6.666666667
84,5
84,6.5
79.66666667,6.333333333
84,7
93,6
87.66666667,6.333333333
100,5
93,6
96.5,5
93,5
93,4.5
93.66666667,4
90,5.5
78.5,7
65.33333333,8.333333333
56,9.5
54,9
49,9.666666667
48.5,10.5
48.5,10.5
47,10
61.5,7.5
73,5
74,4.333333333
81,4
81,4
82,3.666666667
87,3
84,3
83,2.333333333
87,2
87,2
85,2
87,2
87,2
86.66666667,2.333333333
87,3.5
81,6.5
66.66666667,8
60,10.5
56,11
58,11.5
58,11.5
58,11
60.66666667,10.33333333
68.5,8.5
81,6.5
78.66666667,6
81,5.5
84,4.5
84,4.333333333
87,4
84,4
81.66666667,3.666666667
87,2.5
90,2.5
88,2
87,2
87,2
87.66666667,1.666666667
87,3
76,5
73.5,6.5
62,8.5
58,10
54,10
54,11
54,11
54.66666667,10
68.5,7.5
78.5,6.5
75,6.333333333
78.5,6
76,6
76.66666667,6
81,5
87,5
87,5
84,5.5
81,6
84.66666667,5
84,6
84,6
81.66666667,6
81,7
76,8.5
70,10
67,12.5
61,14.5
56.66666667,15
59,15.5
55,16
55,15.33333333
67,12.5
69.5,12
67.66666667,11.33333333
76,10
76,9
78.33333333,8
84,7
84,6.5
83,6
81,6
84,5
84,4.333333333
87,4
87,4
84.66666667,4
81,5.5
76,7
72.33333333,8
69,10.5
64.5,12
59,14
61,14
59,14
56.33333333,13.66666667
65,12.5
62,12
60.33333333,11.33333333
68.5,10
71,10
66,10.33333333
62,11
64.5,11.5
63.33333333,12
64.5,12
66.5,11.5
79,10.5
79,10.5
84.5,10.5
89.33333333,10.33333333
94,10
94,10.5
91.66666667,11
91,12
82,13
83.33333333,13
88,12.5
94,12
93,12
94,12
91,11.5
88.66666667,11
88,11
94,10
90.33333333,10
87,10
87,10
84.66666667,10
87,10
84.5,10
84.66666667,10
82,10
84.5,9.5
82.66666667,9.333333333
87,9
84.5,10
78.66666667,10.33333333
74,11.5
67,12.5
67,13
67,13
61,14
62.33333333,13.33333333
67,12
71,11
73.33333333,10.33333333
76,10
79,9.5
78.33333333,9
79,9
76,9
73,9
81,8
81,8
79.66666667,8
84,7.5
81,7
82.66666667,7
84,7.5
74.5,10
65.33333333,12
61,14
59,14.5
53.33333333,15.33333333
55,16.5
55,17
57.33333333,15.66666667
67,14
72,13
69,12
72,12
72,13
73,12
77,12
77,12
75,12
79.5,12
85,11
76.33333333,11.66666667
79.5,11.5
79.5,11.5
82.33333333,10.66666667
87.5,10.5
79.5,13.5
70.66666667,14.66666667
67.5,16.5
66,17.5
61,18
66,18
68,18
70,17
79.5,15.5
82,15
82,15
85,14
88,14
87.66666667,13
91,12
49.5,12
90.66666667,11.66666667
88,12
91,11.5
85.66666667,12
88,12
88,12
83,12.66666667
82,13
88,13
82,14
79.5,14.5
77,15.5
72,17
72,17
77,17
75,16.33333333
85,15
88,15
86,15
88,15
88,15
86,15
91,14.5
91,14
91.2,13.2
91,12.5
93.33333333,12
94,12
94,11
92.66666667,11.33333333
94,12
88,12.5
80.33333333,13.66666667
70,15.5
67.5,15.5
64.66666667,15.66666667
65.5,16
70,15.5
70.66666667,15
79.5,14.5
85,14
86.33333333,14
82,14
85,14
81,14
91,13
87,13
88,12.5
88,11.5
87,10.66666667
90,9.5
87,10
89,9.333333333
90,9.5
82,11.5
74.66666667,13
74.5,14.5
70,15.5
68,16
68,16
68,16
66,15.66666667
79.5,13.5
85,12.5
86,12
88,12
94,11
88,12.5
88,12
88,11.5
91,11
94,10.5
94,10
93,10
94,11
94,11
89.33333333,11
88,11
85,12.5
83.33333333,13.33333333
77,15.5
72,16
69.33333333,16.33333333
70,16.5
74.5,15.5
83,14.33333333
94,13
94,13
91.33333333,13
91,13
97,12
94.33333333,12.66666667
91,12.5
94,12
88.33333333,12
94,11
94,11
93,10.66666667
94,10
94,10
97,9.5
93,9
93.5,9.5
91.5,11
88,13
77,14.5
75.33333333,15
68,16
70,15.5
74.5,14.5
79.5,13.5
82,13
82,13
85,12.5
82,13.5
79.66666667,14.33333333
82,14
82,15
80.66666667,14.66666667
77,15
82,14
79,14
77,15
77,15
75.33333333,15
74.5,15.5
74.5,16
74.66666667,16
72,17
70,17.5
66,17.66666667
72,17
74.5,16.5
72.33333333,16
74.5,15.5
77,15
73,15.33333333
68,16
65.5,16.5
58,17
55,17
55,17
53.66666667,16.66666667
59,17
63,16
66.66666667,15
77,14
77,14
77,14
77,14
74.5,14.5
68,16
63.5,16.5
57.5,17.5
51.33333333,18
54,18
55,17
54.33333333,16.33333333
63,15
69.5,14.5
69,14
82,13
79.5,13
83,12
85,13.5
88,13
90,13
88,13
88,13
88,13
88,13
94,12
91,12
91,11.5
85,13
78.33333333,14
79.5,15.5
77,16.5
64.66666667,17.66666667
68,17.5
72.5,16.5
79.5,15
79.5,14
88,12.5
89.66666667,11.66666667
88,12.5
91,12
86,12.33333333
88,12.5
88,12.5
91.33333333,12
88,12
94,11
92.33333333,11.66666667
94,12
91,12
89.33333333,12
88,12
88,12
85.33333333,12
82,12
82,12
80.33333333,12
82,12
82,12
82.66666667,11.66666667
85,11
85,11
80.33333333,11
82,11
82,11
82,11
84.5,10.5
87,10
85,10
87,10
87,10
87.66666667,10
90,9.5
90,9
91,9
90,8.5
90,9
93,8.666666667
93,9
93,9
90.33333333,9
93,9
93,9
91.33333333,9
90,9
93,8.5
92.33333333,8
93,8
93,8
90,8
93,8
93,8
92,8
93,8
93,8
92,8
93,8
93,8
91.66666667,8
93,8
93,8
87,9
87,9
84.5,10
79,10.66666667
82.5,11.5
82,12
78,12
82,11.5
82,11
90,9.5
90,9.5
87,9
91,9
93.5,9.5
88,11
85,11
85,11
85,11
82.66666667,11
88,11
85,11
82.33333333,11
82,11
85,11.5
81,12
79.5,13
70,13.5
57.66666667,14.66666667
61,14
65,14
68.33333333,13.33333333
79.5,11.5
82,11
82.66666667,10.33333333
87,10
84.5,9.5
87,9
90,8
90,7.5
88,7.666666667
93,6
93,6
95,5.333333333
93,5.5
93,5
93.66666667,5.333333333
87,7.5
84.5,9.5
75.66666667,10.66666667
74.5,12.5
69.5,14
70.33333333,14
69.5,14
72,12.5
79,10.5
90,7.5
93,6.5
92.33333333,6.666666667
100,5
96.5,5.5
96.5,5
93,6
90,6
90.5,5.5
90,5
93,4
93,4
93,4
90,5
91,5
90,5.5
87,6
91.33333333,6
87,7
84.5,8.5
76.66666667,10.33333333
69.5,12
69,11
67,10.33333333
81,8
87,7
81.33333333,6.666666667
87,6
90,5.5
88.66666667,5
90,5
81,6
83,5.666666667
93,3.5
90,3.5
92,3.666666667
93,3.5
81,6
83.33333333,6
87,6
84,7.5
77,9
74,11.5
69.5,12.5
67,14
65,14.5
69.5,14
69,13.33333333
79.5,12
81.5,10.5
84.33333333,10
87,9
93,7.5
87.33333333,8
93,7
93,6.5
90.66666667,6.333333333
90,6.5
93,5
92.66666667,5
93,4.5
93,4
95.66666667,4
100,4
93,5
95.33333333,5
100,5
93,6
93.33333333,6
100,6
93,6
93.33333333,6
93,6
93,6
94.66666667,6
93,6
93,6
93.33333333,6
93,6
100,5
94,5
100,4
100,3.5
98.33333333,3
93,3
96.5,1.5
93.33333333,1
93,1
93,2.5
92.33333333,3.666666667
87,6
78.5,8.5
78.33333333,9.333333333
79,10
79,10
80,9.666666667
81.5,8
84,7.5
84.33333333,6.666666667
90,5
90,4.5
94.33333333,3.666666667
96.5,2.5
96.5,1
100,-0.5
96.5,-0.5
100,-1
92.66666667,-0.666666667
93,-1
93,-1.5
91.66666667,-1.333333333
93,-1
90,0.5
85,1.333333333
81,3.5
78.5,4.5
70,5
71,7
71,7.5
78.5,6
75.5,5.5
78.5,5.5
76.66666667,4.666666667
84,3
87,2
86,2.333333333
93,1.5
93,1
92.33333333,0
93,-1
84,1
81,0.666666667
83.5,0
83,-0.5
89.5,-2
83,-0.5
84,1.5
80,3
67.5,5
63.5,6.5
60,6.666666667
62,8
64,8
65.33333333,6.333333333
84,3.5
87,2.5
90,2
90,1.5
87,0.5
90.33333333,0
93,0
90,1
92,1
93,2
96.5,2
95.33333333,2.333333333
93,2
93,2
94.66666667,1.666666667
93,3.5
87,5.5
86,6.666666667
84,7.5
82,9
79.66666667,9
82,9
87,9
87.5,8.5
90,8.5
87,9
91.33333333,8.333333333
87,9
93,8
87,8.666666667
87,9
87,9
87.5,8.5
87,9
93,8
91.66666667,8.666666667
93,9
93,9
93,8.333333333
93,8
93,8
92,8
87,9.5
82,10
78.66666667,9.666666667
82,10
79,10
83.66666667,9
93,6.5
93,7
89.33333333,7.333333333
93,6.5
96.5,5.5
92.66666667,6
90,6.5
84.5,8.5
83,8
90,7
87,7
88.33333333,6.333333333
96.5,5.5
96.5,5
92.66666667,4.333333333
93,3
93,5
87,7
81,8
79,9.5
73.33333333,10.33333333
71.5,11.5
73.5,10.5
79,10
84.5,7.5
93,7
94,5.666666667
93,5.5
96.5,3.5
96.33333333,3
93,4.5
93,2
94,1.666666667
93,2.5
93,2.5
92.66666667,2
93,2
93,1.5
93.66666667,1
93,1.5
96.5,2
91,4
84,8
81.5,9.5
76.66666667,10.33333333
76,11
82,9.5
82,9
84.5,8.5
93,7
93,6.5
96.5,5.5
96.5,4
98.33333333,3.333333333
100,3
100,2
100,1.333333333
93,1
100,0
97.66666667,0
100,0
96.5,-0.5
100,-1
96.5,-0.5
96.5,0
95,1
96.5,3.5
93,4
93.66666667,4.666666667
93,5.5
93,5.5
97.66666667,4
100,2.5
100,2
99.66666667,1.333333333
96.5,1
96.5,0
93,0.666666667
96.5,1
93,2
93,2
93,3.5
96.5,4
89.66666667,5.333333333
90,6.5
93,7
88.66666667,7
90,7
96.5,6.5
88.33333333,8.666666667
82,11.5
77,13
74.5,13.5
74.5,13.5
77,12.5
81.33333333,12
85,11
87,9.5
91,8
96.5,8
93,8.5
93,9
93,8.5
93,8
92.66666667,7.666666667
96.5,7
93,8.5
93.66666667,9
93,9
96.5,9
98.66666667,9
97,9.5
94,10
96,10
94,11
91,11.5
91,11.5
88,11
88,11
86,11
84.5,10.5
90,9.5
91.66666667,8.333333333
93,8
93,8
96.5,8
96.5,8.5
100,8
95.33333333,8.333333333
93,9
96.5,7.5
93.66666667,7
93,7
96.5,6
95,6.333333333
93,8
93,8
92,8
93,9
87,10
86.33333333,10
87,10
84.5,9.5
87,8.666666667
90,8
93,6.5
92.66666667,6
100,5.5
96.5,5
93,5.5
93,5
93,4
92,4
93,4
93,4.5
93,5
93,6
93,6
91.33333333,6
93,6
93,6
92.33333333,6
93,6
90,6.5
87,7
93,7
87,8
89.33333333,8
90,8
87,8
93,7
93,7
87,8
85.66666667,7.333333333
87,7
84,7
84,6
87,6
93,5
91,5
93,5
93,5
88.66666667,5.333333333
90,5.5
87,6.5
86,7.666666667
87,9
84.5,9
81.33333333,9.666666667
71,10
76.5,9.5
81.5,8.5
81,8
84,8
82.66666667,8
87,8
87,8
84.33333333,8
87,8
87,8
84,8
81,8
81,8
79.66666667,8
81,8
84,8
83.66666667,8
87,8
84.5,9
83.33333333,9.333333333
84.5,10.5
82,11
84.33333333,11
91,11.5
88,12
77,11
76,9.5
76,8
73.66666667,7.666666667
76,7
78.5,6
77.66666667,6
84,5
87,5
79,5.333333333
90,3
87,3
88,2.333333333
90,2
90,1.5
87,1.666666667
93,1.5
87,3.5
84,5
76,7
73.5,8.5
63.33333333,9
64,9.5
68.5,9
78.5,6.5
84,5.5
87,5
93,5
90,5.5
90,4.5
91,4
93,4
90,4
92,4
90,4.5
93,4
86.66666667,4.666666667
90,4.5
90,5.5
89.33333333,6
87,6
87,6
84.33333333,6.666666667
81,8
81,8
79,8.333333333
76,8
81,7
78.33333333,7
81,7
81,7.5
77,8.333333333
79,9.5
84.5,9
88,9
87,10
82,10
82.66666667,9.333333333
84,8.5
71,8
73.33333333,6.666666667
81,5.5
81,5.5
83.33333333,5.333333333
81,6
81,6.5
73.5,8.5
68.5,9.5
66,10
64,10.33333333
60,11
66,10
76,7
81,6
81,6.5
83,6
87,6
93,5
90,5
87,5
87,5
89.33333333,5
87,6
90,6.5
84.33333333,8
84.5,9
90,9.5
87,10
87,10
82,11
86,11
85,11.5
82,12
81.66666667,12
82,12
82,12
80.33333333,12
82,12
88,11
91,11
94,11
88,12
86,12
88,12
85,12
80.66666667,12
77,12
74.5,12
86.66666667,9.333333333
96.5,6.5
93,6
92.66666667,6
93,6
87,7
84,7
81,7
76,8
70,8.333333333
68.5,8.5
68.5,8
72.33333333,7
78.5,6
81,5
81.66666667,4.666666667
87,5
81,5.5
81.33333333,6
87,6
81.5,6.5
87,6
81,6.5
76,7
74.66666667,7
76,7
87,6
90,6
87,7
90,7
86.66666667,7.666666667
90,8.5
87,9.5
86,10
87,10
87.5,10.5
82.33333333,10
73.5,9.5
73.5,9
75.66666667,8.666666667
84.5,8.5
81,8
81.66666667,7.666666667
81,8
82,9
80.33333333,9
82,9
90,8.5
86.66666667,9
84.5,9
82,9
79.33333333,8.666666667
84,8
84,8
80,8.333333333
76,9
76,9
74.33333333,9
76,9
82,9
84,9
87,9
90,8
91,8
87,8
87,8
88.66666667,7.666666667
87,7
90,5.5
85.66666667,5.666666667
84,5
81,5
79.66666667,5
78.5,4.5
81,4
78.33333333,4
81,4
81,4
76.66666667,4.333333333
76,5
68,6
60.66666667,6
66,6
61.5,6.5
66,6
70,6
66,6
66.33333333,5.333333333
78.5,4.5
81,4
84,4
87,4
84,3.5
80.33333333,4
84,3.5
87,3
83.66666667,3
87,3
87,3
84.66666667,3
81,4
81,4
80,4.666666667
76,6
76,6
67.33333333,6.666666667
63.5,7
66,6
61.66666667,6
70,5
66,6
68.33333333,5.333333333
73,5
76,5
79.33333333,5
87,5
87,5
87.33333333,5.333333333
87,6
87,6.5
85.66666667,6.666666667
87,7
87,7.5
83.66666667,8
87,8
79,9
73.5,8
68.5,8
66,8.5
57.66666667,8.666666667
55.5,8.5
55,8
52,8
57,7
57,7
52.66666667,7
55,7
59,7
59,6
61,6
63.5,6
62.33333333,5
70,5
72.5,4.5
70,4.333333333
78,3.5
81,3
81,3
78,3.5
78.5,4.5
81,5.5
84,6.5
76,8
71.33333333,8.333333333
76,9
79,9
79.33333333,9
79,9.5
79,10
82,10
76,11
76,11
72.66666667,11
76,11
76,11
82.66666667,10
82,9
79,8.5
71.66666667,8
71,7
68,6.5
66.66666667,6
65.5,5.5
63.5,6
58.66666667,6
61,6
59,6.5
53.33333333,7
55,7
55,7
53,6
67.5,5
73,5
72.33333333,5
81,5
76,6
76,5.666666667
81,5
87,4
81,4
78,4
81,3
78.66666667,2.666666667
81,2
84,1.5
84.33333333,1
87,1
81,2
77.33333333,3
72.5,4.5
70,5
62.66666667,5.666666667
66,6
65,5
63.66666667,4.666666667
70,4
81,2
78.66666667,2
78,2.5
84,1.5
84,1.666666667
87,1
87,1
84.66666667,1
87,1
87,1
86.33333333,1
90,1.5
87,2.5
85.66666667,3
87,3
87,3
83,3.666666667
81,5
76,6
74.66666667,6
73,6
68,6
65.66666667,5.333333333
70,5
73,5
75,5
84,5
84,6
84,6
84,6
93,6
91.66666667,6.333333333
93,7.5
87,9
90.66666667,8.333333333
87,8
87,8
86,7.666666667
87,7
87,7
83.66666667,7
76,7
71,7
63,7
71,7.5
76,7
76,6.666666667
81,6
81,6
79.33333333,6
81,6
76,6.5
73.66666667,6
76,6.5
76,7
71.66666667,7
87,6
84,7
85.33333333,7
87,7
87,8
84.33333333,8.333333333
90,9
87,10
87,10
84.5,10
76,11
71,10.33333333
71,9
73.5,8.5
67.33333333,7.666666667
75.5,5.5
87,5
87,4.333333333
84,5.5
81.5,6
82.33333333,5.666666667
78.5,6
76,6.5
72.33333333,6.333333333
76,6
78.5,6
77.33333333,6
87,6
90,6
90.33333333,6
87,6
87,6
89,6
84,7
87,5
85.33333333,5
90,3.5
87,4
87,3.333333333
90,2.5
87,4
86,4
87,4
84,4.5
80.33333333,5
78.5,5
78.5,5
76.33333333,5
76,6
76,6
71.33333333,6
76,6
76,6
75.66666667,5.666666667
78.5,5.5
76,6
68,6
84,5.5
76,6
76,6.333333333
76,7
78.5,6
78,6
84,5.5
87,5
87,5
81,6
81,6
80.33333333,6
78.5,6
78.5,5.5
82.33333333,5
87,4
87,4
90,4
93,4.5
93.5,8
89.66666667,10.66666667
81.5,10.5
93,6.5
92.33333333,4.333333333
93,3
93,3
87,3.666666667
93,4
93,4
89,3.666666667
90,2.5
90,1.5
89.66666667,1
87,1
93,0.5
91,0.333333333
93,1
93,1.5
92.33333333,2
93,1
93,2.5
90,3.333333333
90,3
90,2.5
86.33333333,3
84,3
84,3.5
87.66666667,3.666666667
87,4.5
84,5.5
83.33333333,5.666666667
76,6
81,5
79.66666667,4.666666667
87,3.5
84,3.5
82,3.666666667
93,1
90,2.5
92,2.666666667
90,2.5
90,2
91.66666667,1.333333333
90,1.5
87,2
89.33333333,1.333333333
93,0.5
93,1
88.66666667,1.333333333
93,1
93,1.5
87,2
87,2
87,2
87.33333333,2.333333333
87,3
78,4
76,3
81,2
81,2
82.33333333,1.666666667
93,1
90,1
90,1
93,1
93,1
87.33333333,1
90,1
87,1
89.66666667,0.666666667
90,0.5
93,1
92.33333333,1
93,1
93,1
87.33333333,1.666666667
87,2.5
78,3
69,3
75,3
75,3
70.66666667,3
81,2
84,1.5
89.66666667,1
90,1.5
87,2
85.66666667,2
93,1
87,2
88.66666667,2
90,2.5
93,3
92,3.333333333
93,4.5
93,5
90,6
93,6
93,6
85.33333333,6.666666667
81,7
78.5,7
75.66666667,7
76,7
81,6
76,6
81,6
87,5
84.66666667,5
81,5
84,4
83,4
78.5,4.5
87,4
84.66666667,4
87,4
87,4.5
85.66666667,4.666666667
90,4.5
93,4
91.33333333,4
93,4
93,4.5
92.66666667,4.666666667
93,5
93,5.5
92.33333333,6
93,6
93,6
92.66666667,6
93,6
93,6
95,6
96.5,6
93,6
94,6
93,6
96.5,6.5
92.66666667,6.666666667
96.5,7.5
93,9
92,9
93,9
93,9
91,9
87,10
90,9.5
87,10
87,10
82,11
82,11
84.5,10.5
87,10
87,10
87,10
87,10
85.66666667,10
87,10
93,9
91,9
93,9
93,9
89.66666667,9
90,9
87,9
91,9
87,9
93,9
90.33333333,9
93,9
93,9
87.33333333,9.666666667
90,9.5
90,9
90.66666667,9
90,9
90,8.5
89.66666667,8
87,8
84,8
81,8
87,8
87,8
88.66666667,8
87,7
87,6
86,6
87,5.5
87,5.5
84,5.666666667
84,3.5
90,4.5
80.66666667,5
81,5
81,5
78.66666667,5
78.5,5.5
76,6
71.33333333,6.333333333
73.5,7
78.5,6
76.33333333,6
87,5
84,5.5
77.33333333,5.666666667
87,5
84,5.5
79.33333333,6
81,6
81,6
81.33333333,6
87,6
87,6
84,6.5
87,7
87,7
87.66666667,6.666666667
90,7
93,7
91,7
87,8
87,9
85.33333333,9
87,9
87,9
86.66666667,9
87,9
84.5,9.5
81,10
82,10
87,9
83.33333333,9
87,9
87,9
85.33333333,9
87,9
87,9
88,9
90,9
93,9
95.33333333,8.333333333
100,8
96.5,8.5
93.33333333,8.666666667
93,9
93,9
89.33333333,9.333333333
87,10
90,9.5
90.66666667,9.666666667
87,10
87,10
88,10
87,10
90,9
90.66666667,9
93,9
90,9
85.66666667,9
82,9
82,9
80,9
82,9
81,8
78.5,8
81,8
81,8
79.66666667,8
78.5,8
76,8
71.66666667,8
78.5,8
78.5,8
78,8
84,7.5
87,7
84.66666667,7
78.5,7
78.5,7
81,7
81,7
81,7
80,7
81,7
84,6.5
87,6
87,6
87,5.5
86,5
87,5
87,5
86.33333333,5
87,5
87,5
84.66666667,5.333333333
93,5
93,5
90,5
90,5.5
87,6
89.33333333,6
90,6.5
84,6.5
75.33333333,6
76,6
76,6
73.66666667,5.333333333
76,5
76,5
76,5
76,5
78.5,4.5
78,4
81,4
81,4
75.33333333,4.333333333
75.5,5.5
84,5
87,5
87,6
84,7
85.66666667,6.666666667
84,7
84,7
77.66666667,7.666666667
81,8
81,8
84,6
76,7
78.5,6.5
74.33333333,6
70,6
70,6
64.66666667,6
76,5
73,5
72,5
76,5
76,5
70,5
73,5.5
70,6
65.33333333,6
68,5.5
70,5
70.66666667,4.333333333
81,3
84,3
77.66666667,3.666666667
81,4
87,4
88,4
93,4
93,4
91.66666667,4
93,4
93,4
91.66666667,4.666666667
93,6
96.5,6.5
96,7.333333333
96.5,8
96.5,9
93.33333333,9.666666667
94,10
91,10.5
91,10.66666667
91,11
94,11
89,10.66666667
91,11
91,11
93.33333333,11
88,11
88,11
88,11
88,11
88,11
89,11
91,11
94,11
91.66666667,11
94,11
94,11
88,12
88,12
88,12
88.33333333,12
88,12.5
88,13
88,13
91,12.5
94,12
91.66666667,12
91,12.5
88,13
84.33333333,13
82.5,13.5
79.5,13.5
83.66666667,13
88,12
87.5,10.5
85.33333333,10
87,10
84.5,10
82.33333333,10
87,8
90,7.5
87,7
87,7
87,7
83,7.333333333
87,8
84,7.5
82.66666667,7.666666667
78.5,8
76,8
75.33333333,7.666666667
81,6
78.5,5.5
82.66666667,5
84,5
81,5
81,5
81,5
81,5
80,4.666666667
81,5
81,5
78.33333333,5
81,5
81,6
80.33333333,6
90,6
84,7.5
76.66666667,8.333333333
79,9.5
79,10
84.5,10
90.5,10
85,11
86,10.66666667
88,10.5
73.5,9.5
73.5,9
68.5,9
71,8.5
67.66666667,8
68.5,7.5
68.5,7
70.66666667,6.333333333
76,6
73,6
67.33333333,6
68,6.5
68,6.5
65,6.333333333
70,6
70,6
67.66666667,6
70,6
66,7
63,7
64,7.5
71,7.5
65.66666667,7.666666667
73.5,7.5
73.5,7.5
76,7.333333333
87,7
87,7
87.33333333,7
93,7
93,7
90,7.5
84.5,8.5
84.5,9
83.33333333,9
84.5,9.5
79,10
73,10.66666667
82,10
76.5,10
71.66666667,9.333333333
68.5,9
66,9
61.66666667,9
68.5,8
71,8
74,7
78.5,6
81.5,6
77.33333333,5.333333333
76,5
73,5
73,4.666666667
84,3.5
90,3
87,4
76,5
81,4
82.33333333,4.333333333
81,5
84,5
80,5.666666667
81,6
81,6
83.66666667,6
84,6
87,6
80,6
81,6
81,6
78,6
78.5,6
78.5,5
79,4
81,4
84,3.5
81.33333333,4
87,4
84,5
86,5
93,5
87,6
92,6
93,7
93,7
92.66666667,7.666666667
87,9
87,9
85.33333333,9
82,9
73.5,9
64,9
66,9
68.5,8.5
66.66666667,8
73.5,7.5
76,7
73.33333333,7
76,7
76,6.5
74.66666667,6.333333333
76,7
76,7
73.33333333,6.666666667
76,7
76,7
76.33333333,6.666666667
84,6
87,6
84,6
87,6
87,6
88.33333333,6.333333333
84,7.5
81,8
77,7.666666667
81,7.5
81,7
81.66666667,6.333333333
87,6
87,5
86.66666667,5.333333333
90,4.5
93,3.5
89.33333333,4.333333333
90,5.5
93,6
87,6
84,6.5
90,6
89.33333333,6
93,7
93,7
90,7.5
87,8
87,8
89,8
82,9
79,9
78.66666667,9
79,9
82,9
78,9
84.5,9
87,9
91.66666667,8.666666667
93,9
93,9
87,9
87,9
90,8.5
88,8.666666667
96.5,8
93,8
92.66666667,8
93,8
93,8
92.33333333,8
93,7
90,8
91.66666667,8
87,9
87,9
83.33333333,9
87,9
87,9
85.33333333,9
90,9
87,9
85.33333333,9
84.5,9.5
82,9
80.33333333,9
82,9
82,9
80,9
84.5,8.5
87,8
84.66666667,8
87,8
87,8
81,8.666666667
87,8
87,8
79,8.666666667
76,9
76,9
75.66666667,9.333333333
76,10
76,10
74.33333333,10
76,10
76,10
77.33333333,10
84.5,9
82,9
81.33333333,8.666666667
87,8
87,8
87.66666667,7.666666667
93,7
90,7.5
89,7.333333333
90,7.5
90,7
85.66666667,7
87,7
87,7
80,7.666666667
78.5,8.5
84,8
82.66666667,8.666666667
76,10
82,10
82.66666667,9.333333333
90,8
90,8
80.33333333,7.666666667
84,6.5
84,5.5
81.66666667,4.666666667
84,5
87,4
85,4
87,4
87,4
85.66666667,4
90,3
87,3.5
86,4
87,4
87,4.5
85.33333333,4.666666667
84,5.5
76,6
66.33333333,6.666666667
73,6
73,6
68.66666667,5.666666667
75.5,5
81,4
73,4.333333333
81,3.5
84,3.5
78.66666667,4
81,4
81,4
81,4
78,4
75,4
81.33333333,3.333333333
81,3
87,2
83.33333333,2.666666667
81,3
87,2.5
79.33333333,3.666666667
78.5,4.5
81,5
72.66666667,5.333333333
61,6
71,5.5
66.33333333,5
65,5
65.5,4.5
67,4
75,3
81,2.5
85.33333333,1.666666667
84,2
87,1
87.66666667,0.666666667
93,0
93,-1
93.66666667,-1
93.5,-1
96.5,-1.5
93,-1.666666667
93,-2
93,-1
91.66666667,-0.333333333
93,1
87,2.5
82.66666667,3.666666667
75,4
75,4
75.33333333,3.666666667
81,3
87,1.5
83.33333333,1
87,1
93,0
87.66666667,0
90,-0.5
